idx,ari,f1,exact,top1,face_loss_mm,pullout_mean_mm,face_texture_noise,p_gap,p_fragment_lost,breaks_per_slip,hand_accuracy,notch_sigma_mm,notch_tol_mm,width_tol_mm
0,0.7192280347422858,0.7727272727272727,0.5606060606060606,0.78125,1.5853125472553073,0.8530917583033443,0.2696139794774353,0.24922233740799127,0.2326774967648089,1.4203688988462089,0.5154020398855209,0.7249201205559075,12.771377675235271,0.7288917871192098
1,0.7495687941828897,0.7717391304347826,0.6363636363636364,0.8333333333333334,1.028368679061532,0.8530917583033443,0.2696139794774353,0.24922233740799127,0.2326774967648089,1.4203688988462089,0.5154020398855209,0.7249201205559075,12.771377675235271,0.7288917871192098
2,0.7031088104199751,0.7415730337078651,0.5,0.8020833333333334,1.5853125472553073,1.0415985115803779,0.2696139794774353,0.24922233740799127,0.2326774967648089,1.4203688988462089,0.5154020398855209,0.7249201205559075,12.771377675235271,0.7288917871192098
3,0.5896513204636765,0.6626506024096385,0.4393939393939394,0.5,1.5853125472553073,0.8530917583033443,0.530671944702044,0.24922233740799127,0.2326774967648089,1.4203688988462089,0.5154020398855209,0.7249201205559075,12.771377675235271,0.7288917871192098
4,0.6866330360998667,0.7283236994219653,0.49230769230769234,0.7789473684210526,1.5853125472553073,0.8530917583033443,0.2696139794774353,0.26158543713390825,0.2326774967648089,1.4203688988462089,0.5154020398855209,0.7249201205559075,12.771377675235271,0.7288917871192098
5,0.7175686289280029,0.7448979591836735,0.5352112676056338,0.7714285714285715,1.5853125472553073,0.8530917583033443,0.2696139794774353,0.24922233740799127,0.15198792185634374,1.4203688988462089,0.5154020398855209,0.7249201205559075,12.771377675235271,0.7288917871192098
6,0.4814775572032505,0.7126436781609194,0.44036697247706424,0.7486033519553073,1.5853125472553073,0.8530917583033443,0.2696139794774353,0.24922233740799127,0.2326774967648089,3.4944776852615176,0.5154020398855209,0.7249201205559075,12.771377675235271,0.7288917871192098
7,0.7891020721412126,0.8087431693989071,0.6363636363636364,0.78125,1.5853125472553073,0.8530917583033443,0.2696139794774353,0.24922233740799127,0.2326774967648089,1.4203688988462089,0.9646171933412552,0.7249201205559075,12.771377675235271,0.7288917871192098
8,0.6996612538295361,0.742857142857143,0.5454545454545454,0.78125,1.5853125472553073,0.8530917583033443,0.2696139794774353,0.24922233740799127,0.2326774967648089,1.4203688988462089,0.5154020398855209,1.0080660019069911,12.771377675235271,0.7288917871192098
9,0.689376036400093,0.7542857142857142,0.5454545454545454,0.78125,1.5853125472553073,0.8530917583033443,0.2696139794774353,0.24922233740799127,0.2326774967648089,1.4203688988462089,0.5154020398855209,0.7249201205559075,15.988240420818329,0.7288917871192098
10,0.7285956811196922,0.7657142857142857,0.5454545454545454,0.78125,1.5853125472553073,0.8530917583033443,0.2696139794774353,0.24922233740799127,0.2326774967648089,1.4203688988462089,0.5154020398855209,0.7249201205559075,12.771377675235271,0.40465384582057595
11,0.6401182065926636,0.6534216335540839,0.3228346456692913,0.49777777777777776,1.028368679061532,1.0415985115803779,0.530671944702044,0.26158543713390825,0.15198792185634374,3.4944776852615176,0.9646171933412552,1.0080660019069911,15.988240420818329,0.40465384582057595
12,0.6490392724590407,0.6221198156682028,0.2396694214876033,0.7253886010362695,0.46997776459902524,1.8617901611607521,0.3993636108934879,0.5462534552905708,0.04701528234407306,3.2507739793509245,0.7877092255651951,1.3861475702375174,25.260772325098515,0.43287897929549213
13,0.5904025330332615,0.5794392523364486,0.19008264462809918,0.5854922279792746,1.6826101358048617,1.8617901611607521,0.3993636108934879,0.5462534552905708,0.04701528234407306,3.2507739793509245,0.7877092255651951,1.3861475702375174,25.260772325098515,0.43287897929549213
14,0.6677046443674222,0.6651480637813212,0.2727272727272727,0.7305699481865285,0.46997776459902524,1.3108499645721168,0.3993636108934879,0.5462534552905708,0.04701528234407306,3.2507739793509245,0.7877092255651951,1.3861475702375174,25.260772325098515,0.43287897929549213
15,0.6961581793308738,0.6666666666666667,0.2396694214876033,0.844559585492228,0.46997776459902524,1.8617901611607521,0.2154349168296903,0.5462534552905708,0.04701528234407306,3.2507739793509245,0.7877092255651951,1.3861475702375174,25.260772325098515,0.43287897929549213
16,0.6648663983768509,0.6247086247086246,0.22033898305084745,0.7377049180327869,0.46997776459902524,1.8617901611607521,0.3993636108934879,0.5785702429711819,0.04701528234407306,3.2507739793509245,0.7877092255651951,1.3861475702375174,25.260772325098515,0.43287897929549213
17,0.6654789682019,0.6074074074074074,0.27927927927927926,0.7303370786516854,0.46997776459902524,1.8617901611607521,0.3993636108934879,0.5462534552905708,0.10359822707250715,3.2507739793509245,0.7877092255651951,1.3861475702375174,25.260772325098515,0.43287897929549213
18,0.7182444252943293,0.6354166666666667,0.3968253968253968,0.8148148148148148,0.46997776459902524,1.8617901611607521,0.3993636108934879,0.5462534552905708,0.04701528234407306,1.5242968186736106,0.7877092255651951,1.3861475702375174,25.260772325098515,0.43287897929549213
19,0.5449877158111603,0.6009852216748769,0.2727272727272727,0.7150259067357513,0.46997776459902524,1.8617901611607521,0.3993636108934879,0.5462534552905708,0.04701528234407306,3.2507739793509245,0.5724057410657406,1.3861475702375174,25.260772325098515,0.43287897929549213
20,0.6434994168844695,0.6203703703703703,0.2396694214876033,0.7253886010362695,0.46997776459902524,1.8617901611607521,0.3993636108934879,0.5462534552905708,0.04701528234407306,3.2507739793509245,0.7877092255651951,0.6741334041580558,25.260772325098515,0.43287897929549213
21,0.6397811978003283,0.5898617511520737,0.24793388429752067,0.7253886010362695,0.46997776459902524,1.8617901611607521,0.3993636108934879,0.5462534552905708,0.04701528234407306,3.2507739793509245,0.7877092255651951,1.3861475702375174,23.594599060714245,0.43287897929549213
22,0.6447747726578615,0.5954545454545455,0.18181818181818182,0.7253886010362695,0.46997776459902524,1.8617901611607521,0.3993636108934879,0.5462534552905708,0.04701528234407306,3.2507739793509245,0.7877092255651951,1.3861475702375174,25.260772325098515,0.7445589690469205
23,0.7512642745303713,0.6440677966101696,0.39285714285714285,0.8591549295774648,1.6826101358048617,1.3108499645721168,0.2154349168296903,0.5785702429711819,0.10359822707250715,1.5242968186736106,0.5724057410657406,0.6741334041580558,23.594599060714245,0.7445589690469205
24,0.6689259884287359,0.7402985074626866,0.47058823529411764,0.9545454545454546,0.6415757808834315,0.6275492949876934,0.05984533824957908,0.3324600170832127,0.11379753483459354,2.5540277858264746,0.6499418506026268,0.8895997132174671,19.66869805008173,0.23798443991690876
25,0.6268807822661416,0.7138461538461539,0.38235294117647056,0.9545454545454546,1.4037449331022798,0.6275492949876934,0.05984533824957908,0.3324600170832127,0.11379753483459354,2.5540277858264746,0.6499418506026268,0.8895997132174671,19.66869805008173,0.23798443991690876
26,0.6371357525556492,0.691358024691358,0.3431372549019608,0.9261363636363636,0.6415757808834315,1.895396764902398,0.05984533824957908,0.3324600170832127,0.11379753483459354,2.5540277858264746,0.6499418506026268,0.8895997132174671,19.66869805008173,0.23798443991690876
27,0.6117384820206331,0.6811145510835914,0.35294117647058826,0.7727272727272727,0.6415757808834315,0.6275492949876934,0.3778290975373238,0.3324600170832127,0.11379753483459354,2.5540277858264746,0.6499418506026268,0.8895997132174671,19.66869805008173,0.23798443991690876
28,0.6941182074968508,0.7405247813411078,0.40816326530612246,0.9668508287292817,0.6415757808834315,0.6275492949876934,0.05984533824957908,0.28575819334946573,0.11379753483459354,2.5540277858264746,0.6499418506026268,0.8895997132174671,19.66869805008173,0.23798443991690876
29,0.718026538870977,0.7219251336898397,0.3584905660377358,0.9430051813471503,0.6415757808834315,0.6275492949876934,0.05984533824957908,0.3324600170832127,0.060303289247676736,2.5540277858264746,0.6499418506026268,0.8895997132174671,19.66869805008173,0.23798443991690876
30,0.6814248237836922,0.7499999999999999,0.46601941747572817,0.9662921348314607,0.6415757808834315,0.6275492949876934,0.05984533824957908,0.3324600170832127,0.11379753483459354,2.7591197380796073,0.6499418506026268,0.8895997132174671,19.66869805008173,0.23798443991690876
31,0.6689259884287359,0.7223880597014926,0.4215686274509804,0.9545454545454546,0.6415757808834315,0.6275492949876934,0.05984533824957908,0.3324600170832127,0.11379753483459354,2.5540277858264746,0.637882409542799,0.8895997132174671,19.66869805008173,0.23798443991690876
32,0.6708577193658095,0.7223880597014926,0.4117647058823529,0.9545454545454546,0.6415757808834315,0.6275492949876934,0.05984533824957908,0.3324600170832127,0.11379753483459354,2.5540277858264746,0.6499418506026268,1.3509975363500417,19.66869805008173,0.23798443991690876
33,0.6630920851411365,0.7185628742514971,0.4117647058823529,0.9545454545454546,0.6415757808834315,0.6275492949876934,0.05984533824957908,0.3324600170832127,0.11379753483459354,2.5540277858264746,0.6499418506026268,0.8895997132174671,24.735564574599266,0.23798443991690876
34,0.7192057666364091,0.7652173913043478,0.46078431372549017,0.9545454545454546,0.6415757808834315,0.6275492949876934,0.05984533824957908,0.3324600170832127,0.11379753483459354,2.5540277858264746,0.6499418506026268,0.8895997132174671,19.66869805008173,0.2882221440784633
35,0.641636370116909,0.6771653543307088,0.2403846153846154,0.6747572815533981,1.4037449331022798,1.895396764902398,0.3778290975373238,0.28575819334946573,0.060303289247676736,2.7591197380796073,0.637882409542799,1.3509975363500417,24.735564574599266,0.2882221440784633
36,0.6088678727225544,0.5857740585774059,0.3625,0.5982142857142857,1.436928447987884,1.3630447807721793,0.4629164864774793,0.48542936691083005,0.1590859089232981,2.1562814763747156,0.9176493142545223,0.24582841265946628,7.923511259257793,0.6200964652001857
37,0.630114903975804,0.6351931330472103,0.3875,0.7142857142857143,0.3508785514160991,1.3630447807721793,0.4629164864774793,0.48542936691083005,0.1590859089232981,2.1562814763747156,0.9176493142545223,0.24582841265946628,7.923511259257793,0.6200964652001857
38,0.6224724133098204,0.5862068965517241,0.2875,0.5178571428571429,1.436928447987884,0.45357111217454077,0.4629164864774793,0.48542936691083005,0.1590859089232981,2.1562814763747156,0.9176493142545223,0.24582841265946628,7.923511259257793,0.6200964652001857
39,0.7076049513922165,0.6872586872586872,0.5125,0.9642857142857143,1.436928447987884,1.3630447807721793,0.07186560896225273,0.48542936691083005,0.1590859089232981,2.1562814763747156,0.9176493142545223,0.24582841265946628,7.923511259257793,0.6200964652001857
40,0.6344521857931988,0.6384615384615384,0.367816091954023,0.5954198473282443,1.436928447987884,1.3630447807721793,0.4629164864774793,0.3777390228118747,0.1590859089232981,2.1562814763747156,0.9176493142545223,0.24582841265946628,7.923511259257793,0.6200964652001857
41,0.6140261872928067,0.6051282051282051,0.45454545454545453,0.6195652173913043,1.436928447987884,1.3630447807721793,0.4629164864774793,0.48542936691083005,0.22416677028872073,2.1562814763747156,0.9176493142545223,0.24582841265946628,7.923511259257793,0.6200964652001857
42,0.6497889705143677,0.5896414342629481,0.3625,0.6339285714285714,1.436928447987884,1.3630447807721793,0.4629164864774793,0.48542936691083005,0.1590859089232981,2.2687092798762025,0.9176493142545223,0.24582841265946628,7.923511259257793,0.6200964652001857
43,0.5521630471548187,0.5892857142857143,0.375,0.5892857142857143,1.436928447987884,1.3630447807721793,0.4629164864774793,0.48542936691083005,0.1590859089232981,2.1562814763747156,0.7866405212879181,0.24582841265946628,7.923511259257793,0.6200964652001857
44,0.6020230822379181,0.5916666666666667,0.4,0.5982142857142857,1.436928447987884,1.3630447807721793,0.4629164864774793,0.48542936691083005,0.1590859089232981,2.1562814763747156,0.9176493142545223,0.36674757516011597,7.923511259257793,0.6200964652001857
45,0.6399208698925762,0.6307053941908715,0.4,0.5982142857142857,1.436928447987884,1.3630447807721793,0.4629164864774793,0.48542936691083005,0.1590859089232981,2.1562814763747156,0.9176493142545223,0.24582841265946628,8.155848003923893,0.6200964652001857
46,0.6735337237799454,0.6451612903225806,0.4125,0.5982142857142857,1.436928447987884,1.3630447807721793,0.4629164864774793,0.48542936691083005,0.1590859089232981,2.1562814763747156,0.9176493142545223,0.24582841265946628,7.923511259257793,0.6750652079470456
47,0.7414110832971224,0.7860262008733625,0.5972222222222222,0.9339622641509434,0.3508785514160991,0.45357111217454077,0.07186560896225273,0.3777390228118747,0.22416677028872073,2.2687092798762025,0.7866405212879181,0.36674757516011597,8.155848003923893,0.6750652079470456
48,0.6397733697417329,0.6847826086956522,0.5,0.7159090909090909,1.1174012677744032,0.6883148195687682,0.3723718578927218,0.3879690404981374,0.17082742924802005,1.5774927290156482,0.6841186115145683,1.11775745684281,23.68429919332266,0.4627806136384606
49,0.6630214592558725,0.7027027027027026,0.5,0.7159090909090909,1.0727776513434946,0.6883148195687682,0.3723718578927218,0.3879690404981374,0.17082742924802005,1.5774927290156482,0.6841186115145683,1.11775745684281,23.68429919332266,0.4627806136384606
50,0.5823443139423252,0.6703910614525139,0.5,0.7045454545454546,1.1174012677744032,0.7765407200902701,0.3723718578927218,0.3879690404981374,0.17082742924802005,1.5774927290156482,0.6841186115145683,1.11775745684281,23.68429919332266,0.4627806136384606
51,0.5693290571764605,0.611111111111111,0.45161290322580644,0.6931818181818182,1.1174012677744032,0.6883148195687682,0.4305443258956074,0.3879690404981374,0.17082742924802005,1.5774927290156482,0.6841186115145683,1.11775745684281,23.68429919332266,0.4627806136384606
52,0.6083239460786142,0.5681818181818182,0.44642857142857145,0.7105263157894737,1.1174012677744032,0.6883148195687682,0.3723718578927218,0.5071857025846839,0.17082742924802005,1.5774927290156482,0.6841186115145683,1.11775745684281,23.68429919332266,0.4627806136384606
53,0.6692841390629581,0.6783625730994153,0.5263157894736842,0.7530864197530864,1.1174012677744032,0.6883148195687682,0.3723718578927218,0.3879690404981374,0.2003898037876934,1.5774927290156482,0.6841186115145683,1.11775745684281,23.68429919332266,0.4627806136384606
54,0.6387802117496079,0.6666666666666666,0.417910447761194,0.6979166666666666,1.1174012677744032,0.6883148195687682,0.3723718578927218,0.3879690404981374,0.17082742924802005,1.7823405377566814,0.6841186115145683,1.11775745684281,23.68429919332266,0.4627806136384606
55,0.6474781851172773,0.6666666666666666,0.43548387096774194,0.7159090909090909,1.1174012677744032,0.6883148195687682,0.3723718578927218,0.3879690404981374,0.17082742924802005,1.5774927290156482,0.8532377357780934,1.11775745684281,23.68429919332266,0.4627806136384606
56,0.659105717708757,0.7135135135135134,0.5483870967741935,0.7159090909090909,1.1174012677744032,0.6883148195687682,0.3723718578927218,0.3879690404981374,0.17082742924802005,1.5774927290156482,0.6841186115145683,0.2061130551621318,23.68429919332266,0.4627806136384606
57,0.661071022929332,0.7027027027027026,0.4838709677419355,0.7159090909090909,1.1174012677744032,0.6883148195687682,0.3723718578927218,0.3879690404981374,0.17082742924802005,1.5774927290156482,0.6841186115145683,1.11775745684281,27.584772437810898,0.4627806136384606
58,0.6572456897322845,0.6881720430107526,0.46774193548387094,0.7159090909090909,1.1174012677744032,0.6883148195687682,0.3723718578927218,0.3879690404981374,0.17082742924802005,1.5774927290156482,0.6841186115145683,1.11775745684281,23.68429919332266,0.5489734652452171
59,0.5738097670192044,0.6792452830188679,0.4909090909090909,0.6933333333333334,1.0727776513434946,0.7765407200902701,0.4305443258956074,0.5071857025846839,0.2003898037876934,1.7823405377566814,0.8532377357780934,0.2061130551621318,27.584772437810898,0.5489734652452171
60,0.7595063605404104,0.7911111111111111,0.45081967213114754,0.867579908675799,0.9577847131527961,1.2909483655355871,0.22758317831903696,0.3161002901382744,0.09662405281327666,3.129447439685464,0.9564842782914638,0.4967583149671555,11.429149456322193,0.8681789278984069
61,0.7606009653022185,0.7637969094922739,0.4098360655737705,0.8812785388127854,0.41632454227656124,1.2909483655355871,0.22758317831903696,0.3161002901382744,0.09662405281327666,3.129447439685464,0.9564842782914638,0.4967583149671555,11.429149456322193,0.8681789278984069
62,0.7624934477899481,0.7982261640798227,0.47540983606557374,0.8584474885844748,0.9577847131527961,1.572372897202149,0.22758317831903696,0.3161002901382744,0.09662405281327666,3.129447439685464,0.9564842782914638,0.4967583149671555,11.429149456322193,0.8681789278984069
63,0.7755224699188737,0.7982261640798227,0.47540983606557374,0.91324200913242,0.9577847131527961,1.2909483655355871,0.12650262443348764,0.3161002901382744,0.09662405281327666,3.129447439685464,0.9564842782914638,0.4967583149671555,11.429149456322193,0.8681789278984069
64,0.753405637240306,0.8151260504201682,0.4957983193277311,0.868,0.9577847131527961,1.2909483655355871,0.22758317831903696,0.1632329011335969,0.09662405281327666,3.129447439685464,0.9564842782914638,0.4967583149671555,11.429149456322193,0.8681789278984069
65,0.7479288667657721,0.7751937984496124,0.3409090909090909,0.8537549407114624,0.9577847131527961,1.2909483655355871,0.22758317831903696,0.3161002901382744,0.026446947054937484,3.129447439685464,0.9564842782914638,0.4967583149671555,11.429149456322193,0.8681789278984069
66,0.7968634234704701,0.7664041994750656,0.46534653465346537,0.8776595744680851,0.9577847131527961,1.2909483655355871,0.22758317831903696,0.3161002901382744,0.09662405281327666,2.5986124006099995,0.9564842782914638,0.4967583149671555,11.429149456322193,0.8681789278984069
67,0.7052908051961778,0.7899543378995434,0.45901639344262296,0.863013698630137,0.9577847131527961,1.2909483655355871,0.22758317831903696,0.3161002901382744,0.09662405281327666,3.129447439685464,0.7047471144795417,0.4967583149671555,11.429149456322193,0.8681789278984069
68,0.7396858376716983,0.7647058823529412,0.4098360655737705,0.867579908675799,0.9577847131527961,1.2909483655355871,0.22758317831903696,0.3161002901382744,0.09662405281327666,3.129447439685464,0.9564842782914638,1.1917118933051825,11.429149456322193,0.8681789278984069
69,0.7648356347420437,0.8043956043956043,0.45081967213114754,0.867579908675799,0.9577847131527961,1.2909483655355871,0.22758317831903696,0.3161002901382744,0.09662405281327666,3.129447439685464,0.9564842782914638,0.4967583149671555,11.16600539535284,0.8681789278984069
70,0.7595063605404104,0.7911111111111111,0.45081967213114754,0.867579908675799,0.9577847131527961,1.2909483655355871,0.22758317831903696,0.3161002901382744,0.09662405281327666,3.129447439685464,0.9564842782914638,0.4967583149671555,11.429149456322193,0.8627498638816178
71,0.7577817298019957,0.8114035087719298,0.4608695652173913,0.9300411522633745,0.41632454227656124,1.572372897202149,0.12650262443348764,0.1632329011335969,0.026446947054937484,2.5986124006099995,0.7047471144795417,1.1917118933051825,11.16600539535284,0.8627498638816178
72,0.501752672074902,0.5647840531561461,0.21359223300970873,0.6233766233766234,0.36450536279007795,1.09785373006016,0.575577711360529,0.5312128789722919,0.051663127532228834,2.6753543597646057,0.5712259727716446,0.6273654236458241,15.500663705170155,0.6718739340081811
73,0.4532430872331087,0.5034013605442177,0.22330097087378642,0.5324675324675324,0.6952742714434862,1.09785373006016,0.575577711360529,0.5312128789722919,0.051663127532228834,2.6753543597646057,0.5712259727716446,0.6273654236458241,15.500663705170155,0.6718739340081811
74,0.5304389041149252,0.5493827160493827,0.22330097087378642,0.6883116883116883,0.36450536279007795,1.441118440637365,0.575577711360529,0.5312128789722919,0.051663127532228834,2.6753543597646057,0.5712259727716446,0.6273654236458241,15.500663705170155,0.6718739340081811
75,0.49349829666741246,0.54,0.20388349514563106,0.6103896103896104,0.36450536279007795,1.09785373006016,0.5786306784488261,0.5312128789722919,0.051663127532228834,2.6753543597646057,0.5712259727716446,0.6273654236458241,15.500663705170155,0.6718739340081811
76,0.4867717162918033,0.5256797583081572,0.20909090909090908,0.5964912280701754,0.36450536279007795,1.09785373006016,0.575577711360529,0.47598513881675897,0.051663127532228834,2.6753543597646057,0.5712259727716446,0.6273654236458241,15.500663705170155,0.6718739340081811
77,0.5154229262562701,0.5904059040590406,0.2903225806451613,0.6496350364963503,0.36450536279007795,1.09785373006016,0.575577711360529,0.5312128789722919,0.126897841244936,2.6753543597646057,0.5712259727716446,0.6273654236458241,15.500663705170155,0.6718739340081811
78,0.6372160370800694,0.5280898876404494,0.3709677419354839,0.6625,0.36450536279007795,1.09785373006016,0.575577711360529,0.5312128789722919,0.051663127532228834,1.363785111438483,0.5712259727716446,0.6273654236458241,15.500663705170155,0.6718739340081811
79,0.4745621978355193,0.5255972696245733,0.22330097087378642,0.6038961038961039,0.36450536279007795,1.09785373006016,0.575577711360529,0.5312128789722919,0.051663127532228834,2.6753543597646057,0.5040322622656822,0.6273654236458241,15.500663705170155,0.6718739340081811
80,0.49285791778327187,0.5637583892617449,0.23300970873786409,0.6233766233766234,0.36450536279007795,1.09785373006016,0.575577711360529,0.5312128789722919,0.051663127532228834,2.6753543597646057,0.5712259727716446,0.8334196670912206,15.500663705170155,0.6718739340081811
81,0.5120179955514192,0.5647840531561461,0.23300970873786409,0.6233766233766234,0.36450536279007795,1.09785373006016,0.575577711360529,0.5312128789722919,0.051663127532228834,2.6753543597646057,0.5712259727716446,0.6273654236458241,13.071824088692665,0.6718739340081811
82,0.42062154783092637,0.5107913669064749,0.22330097087378642,0.6233766233766234,0.36450536279007795,1.09785373006016,0.575577711360529,0.5312128789722919,0.051663127532228834,2.6753543597646057,0.5712259727716446,0.6273654236458241,15.500663705170155,0.2574669563211501
83,0.5878395924046855,0.6308724832214765,0.43636363636363634,0.7236842105263158,0.6952742714434862,1.441118440637365,0.5786306784488261,0.47598513881675897,0.126897841244936,1.363785111438483,0.5040322622656822,0.8334196670912206,13.071824088692665,0.2574669563211501
84,0.7480243143133344,0.8425925925925927,0.6388888888888888,0.8813559322033898,1.6941040836274623,1.6057028300594538,0.1531706071924418,0.15308295870199798,0.20830516363494098,1.9991576804779467,0.8388749553263187,1.3115238009020687,27.011711440980434,0.35539708137512205
85,0.75139820392139,0.8425925925925927,0.6527777777777778,0.8813559322033898,1.7499758343212306,1.6057028300594538,0.1531706071924418,0.15308295870199798,0.20830516363494098,1.9991576804779467,0.8388749553263187,1.3115238009020687,27.011711440980434,0.35539708137512205
86,0.7692156140717096,0.8416289592760181,0.6527777777777778,0.9067796610169492,1.6941040836274623,0.911383593082428,0.1531706071924418,0.15308295870199798,0.20830516363494098,1.9991576804779467,0.8388749553263187,1.3115238009020687,27.011711440980434,0.35539708137512205
87,0.6871463241208765,0.8093023255813954,0.5972222222222222,0.7796610169491526,1.6941040836274623,1.6057028300594538,0.2663728881627321,0.15308295870199798,0.20830516363494098,1.9991576804779467,0.8388749553263187,1.3115238009020687,27.011711440980434,0.35539708137512205
88,0.7062557594631271,0.7575757575757575,0.5223880597014925,0.845360824742268,1.6941040836274623,1.6057028300594538,0.1531706071924418,0.3570294338744133,0.20830516363494098,1.9991576804779467,0.8388749553263187,1.3115238009020687,27.011711440980434,0.35539708137512205
89,0.7407169207236333,0.8416666666666667,0.6075949367088608,0.8721804511278195,1.6941040836274623,1.6057028300594538,0.1531706071924418,0.15308295870199798,0.18632150327786803,1.9991576804779467,0.8388749553263187,1.3115238009020687,27.011711440980434,0.35539708137512205
90,0.6572486370411396,0.8154761904761904,0.55,0.8287292817679558,1.6941040836274623,1.6057028300594538,0.1531706071924418,0.15308295870199798,0.20830516363494098,3.0081133471801875,0.8388749553263187,1.3115238009020687,27.011711440980434,0.35539708137512205
91,0.7453012348106474,0.8317757009345795,0.6111111111111112,0.8813559322033898,1.6941040836274623,1.6057028300594538,0.1531706071924418,0.15308295870199798,0.20830516363494098,1.9991576804779467,0.8964525844156742,1.3115238009020687,27.011711440980434,0.35539708137512205
92,0.7343464492111053,0.8317757009345795,0.625,0.8813559322033898,1.6941040836274623,1.6057028300594538,0.1531706071924418,0.15308295870199798,0.20830516363494098,1.9991576804779467,0.8388749553263187,1.1687011417932809,27.011711440980434,0.35539708137512205
93,0.7473573594038153,0.8465116279069769,0.6527777777777778,0.8813559322033898,1.6941040836274623,1.6057028300594538,0.1531706071924418,0.15308295870199798,0.20830516363494098,1.9991576804779467,0.8388749553263187,1.3115238009020687,20.464132256805897,0.35539708137512205
94,0.7692156140717096,0.8506787330316742,0.6666666666666666,0.8813559322033898,1.6941040836274623,1.6057028300594538,0.1531706071924418,0.15308295870199798,0.20830516363494098,1.9991576804779467,0.8388749553263187,1.3115238009020687,27.011711440980434,0.6183095476590097
95,0.683270995086653,0.7079646017699116,0.4158415841584158,0.8375,1.7499758343212306,0.911383593082428,0.2663728881627321,0.3570294338744133,0.18632150327786803,3.0081133471801875,0.8964525844156742,1.1687011417932809,20.464132256805897,0.6183095476590097
96,0.5207497450073115,0.5015673981191223,0.23,0.3743016759776536,1.8096989554353058,0.5379837557673455,0.5652690198738127,0.2861970119643956,0.022602222142741085,2.2606757337227465,0.7373488818109035,1.0342314703390003,21.765892066061497,0.5901688776910305
97,0.5016042610058693,0.49221183800623053,0.17,0.3687150837988827,1.8251786756329238,0.5379837557673455,0.5652690198738127,0.2861970119643956,0.022602222142741085,2.2606757337227465,0.7373488818109035,1.0342314703390003,21.765892066061497,0.5901688776910305
98,0.5065206085114775,0.48717948717948717,0.22,0.4134078212290503,1.8096989554353058,1.094881306681782,0.5652690198738127,0.2861970119643956,0.022602222142741085,2.2606757337227465,0.7373488818109035,1.0342314703390003,21.765892066061497,0.5901688776910305
99,0.7208233302029979,0.7377521613832853,0.34,0.8156424581005587,1.8096989554353058,0.5379837557673455,0.17761836275458337,0.2861970119643956,0.022602222142741085,2.2606757337227465,0.7373488818109035,1.0342314703390003,21.765892066061497,0.5901688776910305
100,0.43523809411265607,0.430188679245283,0.21875,0.375886524822695,1.8096989554353058,0.5379837557673455,0.5652690198738127,0.4565474169328808,0.022602222142741085,2.2606757337227465,0.7373488818109035,1.0342314703390003,21.765892066061497,0.5901688776910305
101,0.5261314833376776,0.50814332247557,0.20212765957446807,0.39285714285714285,1.8096989554353058,0.5379837557673455,0.5652690198738127,0.2861970119643956,0.07476682326756418,2.2606757337227465,0.7373488818109035,1.0342314703390003,21.765892066061497,0.5901688776910305
102,0.5598498615627061,0.5,0.20430107526881722,0.34782608695652173,1.8096989554353058,0.5379837557673455,0.5652690198738127,0.2861970119643956,0.022602222142741085,2.0319030217826364,0.7373488818109035,1.0342314703390003,21.765892066061497,0.5901688776910305
103,0.47078333119960947,0.46945337620578775,0.18,0.36312849162011174,1.8096989554353058,0.5379837557673455,0.5652690198738127,0.2861970119643956,0.022602222142741085,2.2606757337227465,0.6750645177066326,1.0342314703390003,21.765892066061497,0.5901688776910305
104,0.5412813578588672,0.5031446540880502,0.23,0.3743016759776536,1.8096989554353058,0.5379837557673455,0.5652690198738127,0.2861970119643956,0.022602222142741085,2.2606757337227465,0.7373488818109035,0.4600726930424571,21.765892066061497,0.5901688776910305
105,0.5333843255533506,0.49390243902439024,0.21,0.3743016759776536,1.8096989554353058,0.5379837557673455,0.5652690198738127,0.2861970119643956,0.022602222142741085,2.2606757337227465,0.7373488818109035,1.0342314703390003,28.845509938895702,0.5901688776910305
106,0.49641911200947936,0.47249190938511326,0.17,0.3743016759776536,1.8096989554353058,0.5379837557673455,0.5652690198738127,0.2861970119643956,0.022602222142741085,2.2606757337227465,0.7373488818109035,1.0342314703390003,21.765892066061497,0.3330150610767305
107,0.737409327944646,0.6962962962962962,0.4069767441860465,0.8790322580645161,1.8251786756329238,1.094881306681782,0.17761836275458337,0.4565474169328808,0.07476682326756418,2.0319030217826364,0.6750645177066326,0.4600726930424571,28.845509938895702,0.3330150610767305
108,0.6350436435276025,0.7341772151898733,0.4810126582278481,0.9344262295081968,0.2688323786482215,1.4575663746800274,0.1433319273870438,0.41085651903413234,0.23589495233260094,2.446983715519309,0.949656066596508,0.41608875682577495,10.255272321403027,0.2737232418730855
109,0.7050432122376059,0.6987951807228915,0.4177215189873418,0.8934426229508197,0.7795760791748763,1.4575663746800274,0.1433319273870438,0.41085651903413234,0.23589495233260094,2.446983715519309,0.949656066596508,0.41608875682577495,10.255272321403027,0.2737232418730855
110,0.6473455431839754,0.7257383966244725,0.45569620253164556,0.9344262295081968,0.2688323786482215,1.2561622164677828,0.1433319273870438,0.41085651903413234,0.23589495233260094,2.446983715519309,0.949656066596508,0.41608875682577495,10.255272321403027,0.2737232418730855
111,0.6730003818344518,0.6721991701244814,0.3670886075949367,0.8114754098360656,0.2688323786482215,1.4575663746800274,0.41494101108983156,0.41085651903413234,0.23589495233260094,2.446983715519309,0.949656066596508,0.41608875682577495,10.255272321403027,0.2737232418730855
112,0.6404402889505861,0.7416666666666667,0.47368421052631576,0.9302325581395349,0.2688323786482215,1.4575663746800274,0.1433319273870438,0.3237070022150874,0.23589495233260094,2.446983715519309,0.949656066596508,0.41608875682577495,10.255272321403027,0.2737232418730855
113,0.6350436435276025,0.7341772151898733,0.4810126582278481,0.9344262295081968,0.2688323786482215,1.4575663746800274,0.1433319273870438,0.41085651903413234,0.23838293445296585,2.446983715519309,0.949656066596508,0.41608875682577495,10.255272321403027,0.2737232418730855
114,0.637670432694052,0.719298245614035,0.4473684210526316,0.9396551724137931,0.2688323786482215,1.4575663746800274,0.1433319273870438,0.41085651903413234,0.23589495233260094,2.4208558228798207,0.949656066596508,0.41608875682577495,10.255272321403027,0.2737232418730855
115,0.6378259280641078,0.7142857142857144,0.45569620253164556,0.9344262295081968,0.2688323786482215,1.4575663746800274,0.1433319273870438,0.41085651903413234,0.23589495233260094,2.446983715519309,0.7625609827041626,0.41608875682577495,10.255272321403027,0.2737232418730855
116,0.6596865734033914,0.6970954356846474,0.46835443037974683,0.9344262295081968,0.2688323786482215,1.4575663746800274,0.1433319273870438,0.41085651903413234,0.23589495233260094,2.446983715519309,0.949656066596508,1.4252672877162695,10.255272321403027,0.2737232418730855
117,0.6583301891219181,0.6970954356846474,0.4430379746835443,0.9344262295081968,0.2688323786482215,1.4575663746800274,0.1433319273870438,0.41085651903413234,0.23589495233260094,2.446983715519309,0.949656066596508,0.41608875682577495,9.237686455249786,0.2737232418730855
118,0.7192494540093233,0.7578125000000001,0.569620253164557,0.9344262295081968,0.2688323786482215,1.4575663746800274,0.1433319273870438,0.41085651903413234,0.23589495233260094,2.446983715519309,0.949656066596508,0.41608875682577495,10.255272321403027,0.7177600868977607
119,0.6289015694046235,0.6949152542372881,0.3972602739726027,0.6991869918699187,0.7795760791748763,1.2561622164677828,0.41494101108983156,0.3237070022150874,0.23838293445296585,2.4208558228798207,0.7625609827041626,1.4252672877162695,9.237686455249786,0.7177600868977607
120,0.6026558429612967,0.7473460721868365,0.4032258064516129,0.7108433734939759,0.8409577067941427,0.9483158287126571,0.3539435996674001,0.18299862784333526,0.14060046992264688,3.4302457307465373,0.6075260378420353,0.549551896750927,16.67493038624525,0.3810757242143154
121,0.620561016130052,0.7526427061310782,0.4032258064516129,0.7469879518072289,0.6067531606182456,0.9483158287126571,0.3539435996674001,0.18299862784333526,0.14060046992264688,3.4302457307465373,0.6075260378420353,0.549551896750927,16.67493038624525,0.3810757242143154
122,0.605729662030454,0.7394957983193277,0.41935483870967744,0.7389558232931727,0.8409577067941427,1.755737146316096,0.3539435996674001,0.18299862784333526,0.14060046992264688,3.4302457307465373,0.6075260378420353,0.549551896750927,16.67493038624525,0.3810757242143154
123,0.64405281742899,0.7800829875518672,0.45161290322580644,0.7590361445783133,0.8409577067941427,0.9483158287126571,0.3170396386645734,0.18299862784333526,0.14060046992264688,3.4302457307465373,0.6075260378420353,0.549551896750927,16.67493038624525,0.3810757242143154
124,0.6102871096417705,0.6732186732186731,0.37719298245614036,0.7405405405405405,0.8409577067941427,0.9483158287126571,0.3539435996674001,0.5369780387263745,0.14060046992264688,3.4302457307465373,0.6075260378420353,0.549551896750927,16.67493038624525,0.3810757242143154
125,0.6366794971136791,0.7643312101910827,0.41935483870967744,0.7108433734939759,0.8409577067941427,0.9483158287126571,0.3539435996674001,0.18299862784333526,0.13749280042946338,3.4302457307465373,0.6075260378420353,0.549551896750927,16.67493038624525,0.3810757242143154
126,0.6950575696229259,0.7684210526315789,0.5652173913043478,0.8380952380952381,0.8409577067941427,0.9483158287126571,0.3539435996674001,0.18299862784333526,0.14060046992264688,1.3298487241379915,0.6075260378420353,0.549551896750927,16.67493038624525,0.3810757242143154
127,0.639417944892135,0.7453416149068323,0.4274193548387097,0.7028112449799196,0.8409577067941427,0.9483158287126571,0.3539435996674001,0.18299862784333526,0.14060046992264688,3.4302457307465373,0.9258306521177292,0.549551896750927,16.67493038624525,0.3810757242143154
128,0.6046228395076695,0.7558386411889596,0.4112903225806452,0.7108433734939759,0.8409577067941427,0.9483158287126571,0.3539435996674001,0.18299862784333526,0.14060046992264688,3.4302457307465373,0.6075260378420353,0.5998791499994696,16.67493038624525,0.3810757242143154
129,0.6225090734780525,0.773784355179704,0.43548387096774194,0.7108433734939759,0.8409577067941427,0.9483158287126571,0.3539435996674001,0.18299862784333526,0.14060046992264688,3.4302457307465373,0.6075260378420353,0.549551896750927,14.905291892588139,0.3810757242143154
130,0.6226693318478225,0.7525987525987526,0.3951612903225806,0.7108433734939759,0.8409577067941427,0.9483158287126571,0.3539435996674001,0.18299862784333526,0.14060046992264688,3.4302457307465373,0.6075260378420353,0.549551896750927,16.67493038624525,0.4467625287361443
131,0.6411488823882807,0.6293706293706293,0.52,0.8939393939393939,0.6067531606182456,1.755737146316096,0.3170396386645734,0.5369780387263745,0.13749280042946338,1.3298487241379915,0.9258306521177292,0.5998791499994696,14.905291892588139,0.4467625287361443
132,0.6754319204556906,0.6861313868613139,0.625,0.9354838709677419,1.2143064117990434,1.7729381610639392,0.20868495758622885,0.5083404769655316,0.12473236131481827,1.2447051024995743,0.8152335005998612,1.2264103748835624,28.929729379713535,0.786504921503365
133,0.6780361767022125,0.6222222222222222,0.4791666666666667,0.9193548387096774,1.2541462638415395,1.7729381610639392,0.20868495758622885,0.5083404769655316,0.12473236131481827,1.2447051024995743,0.8152335005998612,1.2264103748835624,28.929729379713535,0.786504921503365
134,0.6975493341600756,0.6906474820143885,0.5416666666666666,0.967741935483871,1.2143064117990434,0.5918036525137722,0.20868495758622885,0.5083404769655316,0.12473236131481827,1.2447051024995743,0.8152335005998612,1.2264103748835624,28.929729379713535,0.786504921503365
135,0.60473973116196,0.5116279069767442,0.3958333333333333,0.5645161290322581,1.2143064117990434,1.7729381610639392,0.563350466452539,0.5083404769655316,0.12473236131481827,1.2447051024995743,0.8152335005998612,1.2264103748835624,28.929729379713535,0.786504921503365
136,0.7812362642639017,0.7999999999999999,0.6268656716417911,0.9285714285714286,1.2143064117990434,1.7729381610639392,0.20868495758622885,0.17911453689448534,0.12473236131481827,1.2447051024995743,0.8152335005998612,1.2264103748835624,28.929729379713535,0.786504921503365
137,0.6766940191641168,0.64,0.5471698113207547,0.9558823529411765,1.2143064117990434,1.7729381610639392,0.20868495758622885,0.5083404769655316,0.08930134220048785,1.2447051024995743,0.8152335005998612,1.2264103748835624,28.929729379713535,0.786504921503365
138,0.6687496480427544,0.671875,0.37383177570093457,0.834319526627219,1.2143064117990434,1.7729381610639392,0.20868495758622885,0.5083404769655316,0.12473236131481827,3.1139960216358302,0.8152335005998612,1.2264103748835624,28.929729379713535,0.786504921503365
139,0.6828386107967594,0.6330935251798562,0.5208333333333334,0.9354838709677419,1.2143064117990434,1.7729381610639392,0.20868495758622885,0.5083404769655316,0.12473236131481827,1.2447051024995743,0.5942948518693447,1.2264103748835624,28.929729379713535,0.786504921503365
140,0.7019459434708777,0.6241134751773049,0.5,0.9354838709677419,1.2143064117990434,1.7729381610639392,0.20868495758622885,0.5083404769655316,0.12473236131481827,1.2447051024995743,0.8152335005998612,0.9147563812322914,28.929729379713535,0.786504921503365
141,0.6446828626424481,0.6370370370370372,0.5625,0.9354838709677419,1.2143064117990434,1.7729381610639392,0.20868495758622885,0.5083404769655316,0.12473236131481827,1.2447051024995743,0.8152335005998612,1.2264103748835624,19.48647330701351,0.786504921503365
142,0.6953020271446323,0.6906474820143885,0.6458333333333334,0.9354838709677419,1.2143064117990434,1.7729381610639392,0.20868495758622885,0.5083404769655316,0.12473236131481827,1.2447051024995743,0.8152335005998612,1.2264103748835624,28.929729379713535,0.7899621563963592
143,0.39197389629998114,0.513888888888889,0.17355371900826447,0.4268774703557312,1.2541462638415395,0.5918036525137722,0.563350466452539,0.17911453689448534,0.08930134220048785,3.1139960216358302,0.5942948518693447,0.9147563812322914,19.48647330701351,0.7899621563963592
144,0.6535128637514781,0.6461538461538461,0.42424242424242425,0.927710843373494,1.3213335761800407,1.008995769219473,0.11849280805326998,0.5761162321083247,0.08625273929908872,1.8159166293218731,0.5385748018324376,0.8075428159907461,14.689785607159138,0.33063716888427735
145,0.6806736719213882,0.6532663316582914,0.45454545454545453,0.9518072289156626,0.2758376574143767,1.008995769219473,0.11849280805326998,0.5761162321083247,0.08625273929908872,1.8159166293218731,0.5385748018324376,0.8075428159907461,14.689785607159138,0.33063716888427735
146,0.6477323710533498,0.673469387755102,0.5,0.9397590361445783,1.3213335761800407,0.6315812412649393,0.11849280805326998,0.5761162321083247,0.08625273929908872,1.8159166293218731,0.5385748018324376,0.8075428159907461,14.689785607159138,0.33063716888427735
147,0.6317212199622629,0.6288659793814434,0.42424242424242425,0.8554216867469879,1.3213335761800407,1.008995769219473,0.23474738304503262,0.5761162321083247,0.08625273929908872,1.8159166293218731,0.5385748018324376,0.8075428159907461,14.689785607159138,0.33063716888427735
148,0.7013353977456638,0.752,0.5121951219512195,0.8923076923076924,1.3213335761800407,1.008995769219473,0.11849280805326998,0.30850553065538405,0.08625273929908872,1.8159166293218731,0.5385748018324376,0.8075428159907461,14.689785607159138,0.33063716888427735
149,0.6847485009475875,0.6666666666666667,0.4461538461538462,0.9259259259259259,1.3213335761800407,1.008995769219473,0.11849280805326998,0.5761162321083247,0.1123905273154378,1.8159166293218731,0.5385748018324376,0.8075428159907461,14.689785607159138,0.33063716888427735
150,0.7013003285135003,0.69377990430622,0.3333333333333333,0.898876404494382,1.3213335761800407,1.008995769219473,0.11849280805326998,0.5761162321083247,0.08625273929908872,3.240984262991696,0.5385748018324376,0.8075428159907461,14.689785607159138,0.33063716888427735
151,0.6593353253839956,0.6428571428571429,0.4090909090909091,0.927710843373494,1.3213335761800407,1.008995769219473,0.11849280805326998,0.5761162321083247,0.08625273929908872,1.8159166293218731,0.543016228377819,0.8075428159907461,14.689785607159138,0.33063716888427735
152,0.6535128637514781,0.6461538461538461,0.42424242424242425,0.927710843373494,1.3213335761800407,1.008995769219473,0.11849280805326998,0.5761162321083247,0.08625273929908872,1.8159166293218731,0.5385748018324376,1.079200742021203,14.689785607159138,0.33063716888427735
153,0.665108165173418,0.6598984771573604,0.4696969696969697,0.927710843373494,1.3213335761800407,1.008995769219473,0.11849280805326998,0.5761162321083247,0.08625273929908872,1.8159166293218731,0.5385748018324376,0.8075428159907461,17.91546144336462,0.33063716888427735
154,0.5710442375959011,0.6067415730337078,0.3787878787878788,0.927710843373494,1.3213335761800407,1.008995769219473,0.11849280805326998,0.5761162321083247,0.08625273929908872,1.8159166293218731,0.5385748018324376,0.8075428159907461,14.689785607159138,0.2160953094251454
155,0.6170816952421809,0.7475728155339805,0.36363636363636365,0.9041095890410958,0.2758376574143767,0.6315812412649393,0.23474738304503262,0.30850553065538405,0.1123905273154378,3.240984262991696,0.543016228377819,1.079200742021203,17.91546144336462,0.2160953094251454
156,0.5645573357426594,0.6978193146417446,0.42,0.6184971098265896,0.7372487650252879,1.7009328612126409,0.5210939773824066,0.22640625927597283,0.188079502787441,2.8556651104241606,0.7509404677152633,1.466548530291766,26.43465008586645,0.7126976320520044
157,0.509368170151383,0.6435331230283912,0.35,0.5433526011560693,1.3195404761470853,1.7009328612126409,0.5210939773824066,0.22640625927597283,0.188079502787441,2.8556651104241606,0.7509404677152633,1.466548530291766,26.43465008586645,0.7126976320520044
158,0.5614800024263531,0.68125,0.4,0.6069364161849711,0.7372487650252879,1.71592742302455,0.5210939773824066,0.22640625927597283,0.188079502787441,2.8556651104241606,0.7509404677152633,1.466548530291766,26.43465008586645,0.7126976320520044
159,0.6055849489321706,0.7160493827160493,0.42,0.6473988439306358,0.7372487650252879,1.7009328612126409,0.47812924529425793,0.22640625927597283,0.188079502787441,2.8556651104241606,0.7509404677152633,1.466548530291766,26.43465008586645,0.7126976320520044
160,0.5746943698780294,0.5980066445182725,0.31868131868131866,0.5761589403973509,0.7372487650252879,1.7009328612126409,0.5210939773824066,0.41472815237939353,0.188079502787441,2.8556651104241606,0.7509404677152633,1.466548530291766,26.43465008586645,0.7126976320520044
161,0.5911550471622461,0.6851851851851851,0.37,0.6193181818181818,0.7372487650252879,1.7009328612126409,0.5210939773824066,0.22640625927597283,0.17200895750895143,2.8556651104241606,0.7509404677152633,1.466548530291766,26.43465008586645,0.7126976320520044
162,0.610555613112531,0.7,0.4027777777777778,0.6608695652173913,0.7372487650252879,1.7009328612126409,0.5210939773824066,0.22640625927597283,0.188079502787441,1.7059843346476553,0.7509404677152633,1.466548530291766,26.43465008586645,0.7126976320520044
163,0.6541132862475683,0.7200000000000001,0.48,0.6416184971098265,0.7372487650252879,1.7009328612126409,0.5210939773824066,0.22640625927597283,0.188079502787441,2.8556651104241606,0.8743504847586154,1.466548530291766,26.43465008586645,0.7126976320520044
164,0.5857528807165711,0.6875000000000001,0.41,0.6184971098265896,0.7372487650252879,1.7009328612126409,0.5210939773824066,0.22640625927597283,0.188079502787441,2.8556651104241606,0.7509404677152633,0.7655136963352562,26.43465008586645,0.7126976320520044
165,0.5314120402020353,0.6855345911949685,0.41,0.6184971098265896,0.7372487650252879,1.7009328612126409,0.5210939773824066,0.22640625927597283,0.188079502787441,2.8556651104241606,0.7509404677152633,1.466548530291766,22.335693329572678,0.7126976320520044
166,0.5512424425741497,0.679245283018868,0.4,0.6184971098265896,0.7372487650252879,1.7009328612126409,0.5210939773824066,0.22640625927597283,0.188079502787441,2.8556651104241606,0.7509404677152633,1.466548530291766,26.43465008586645,0.5721906865946949
167,0.563622983073588,0.6101694915254238,0.390625,0.6222222222222222,1.3195404761470853,1.71592742302455,0.47812924529425793,0.41472815237939353,0.17200895750895143,1.7059843346476553,0.8743504847586154,0.7655136963352562,22.335693329572678,0.5721906865946949
168,0.625895350527031,0.7086092715231788,0.4157303370786517,0.7887323943661971,0.5868047709576786,0.7828313115984201,0.31919354880228634,0.4555798410438001,0.20452819814905523,3.021564370114356,0.6563012550771237,0.9677810978144408,18.49443056434393,0.8215446829795836
169,0.5727596252815826,0.6688524590163935,0.4044943820224719,0.704225352112676,1.4920324894599615,0.7828313115984201,0.31919354880228634,0.4555798410438001,0.20452819814905523,3.021564370114356,0.6563012550771237,0.9677810978144408,18.49443056434393,0.8215446829795836
170,0.6392535833591135,0.7297297297297298,0.449438202247191,0.8450704225352113,0.5868047709576786,1.4883726252708582,0.31919354880228634,0.4555798410438001,0.20452819814905523,3.021564370114356,0.6563012550771237,0.9677810978144408,18.49443056434393,0.8215446829795836
171,0.7342046773946861,0.7859424920127795,0.5393258426966292,0.9084507042253521,0.5868047709576786,0.7828313115984201,0.0904185669030994,0.4555798410438001,0.20452819814905523,3.021564370114356,0.6563012550771237,0.9677810978144408,18.49443056434393,0.8215446829795836
172,0.6263967421355762,0.7530864197530864,0.5154639175257731,0.8012048192771084,0.5868047709576786,0.7828313115984201,0.31919354880228634,0.22106771408580242,0.20452819814905523,3.021564370114356,0.6563012550771237,0.9677810978144408,18.49443056434393,0.8215446829795836
173,0.6327178534601854,0.707070707070707,0.4318181818181818,0.7785714285714286,0.5868047709576786,0.7828313115984201,0.31919354880228634,0.4555798410438001,0.2148725527804345,3.021564370114356,0.6563012550771237,0.9677810978144408,18.49443056434393,0.8215446829795836
174,0.6365311412683711,0.7173913043478259,0.4523809523809524,0.8217054263565892,0.5868047709576786,0.7828313115984201,0.31919354880228634,0.4555798410438001,0.20452819814905523,2.7969870636239644,0.6563012550771237,0.9677810978144408,18.49443056434393,0.8215446829795836
175,0.6565533942365527,0.6753246753246752,0.3707865168539326,0.795774647887324,0.5868047709576786,0.7828313115984201,0.31919354880228634,0.4555798410438001,0.20452819814905523,3.021564370114356,0.8163116748631001,0.9677810978144408,18.49443056434393,0.8215446829795836
176,0.5829049455509031,0.7023411371237458,0.43820224719101125,0.7887323943661971,0.5868047709576786,0.7828313115984201,0.31919354880228634,0.4555798410438001,0.20452819814905523,3.021564370114356,0.6563012550771237,1.2596321214921773,18.49443056434393,0.8215446829795836
177,0.6313347238707645,0.7296416938110749,0.4606741573033708,0.7887323943661971,0.5868047709576786,0.7828313115984201,0.31919354880228634,0.4555798410438001,0.20452819814905523,3.021564370114356,0.6563012550771237,0.9677810978144408,25.715053863823414,0.8215446829795836
178,0.6286121679096524,0.7224080267558527,0.449438202247191,0.7887323943661971,0.5868047709576786,0.7828313115984201,0.31919354880228634,0.4555798410438001,0.20452819814905523,3.021564370114356,0.6563012550771237,0.9677810978144408,18.49443056434393,0.5048106892965734
179,0.7533313806554806,0.8543046357615894,0.6136363636363636,0.9215686274509803,1.4920324894599615,1.4883726252708582,0.0904185669030994,0.22106771408580242,0.2148725527804345,2.7969870636239644,0.8163116748631001,1.2596321214921773,25.715053863823414,0.5048106892965734
180,0.623624301738732,0.6244343891402714,0.37662337662337664,0.5701754385964912,1.4884074032306671,1.201387928193435,0.4494131099432706,0.3552903084084391,0.0773135562427342,1.6894642411731182,0.8639502367377281,0.3319442343898118,6.005492694675922,0.5254799792543053
181,0.6619836139972431,0.6396396396396398,0.37662337662337664,0.6491228070175439,0.8469935562461615,1.201387928193435,0.4494131099432706,0.3552903084084391,0.0773135562427342,1.6894642411731182,0.8639502367377281,0.3319442343898118,6.005492694675922,0.5254799792543053
182,0.6447295847236372,0.6343612334801763,0.4025974025974026,0.5877192982456141,1.4884074032306671,0.8627023302018643,0.4494131099432706,0.3552903084084391,0.0773135562427342,1.6894642411731182,0.8639502367377281,0.3319442343898118,6.005492694675922,0.5254799792543053
183,0.6509778530266405,0.6842105263157895,0.42857142857142855,0.6754385964912281,1.4884074032306671,1.201387928193435,0.3259032367262989,0.3552903084084391,0.0773135562427342,1.6894642411731182,0.8639502367377281,0.3319442343898118,6.005492694675922,0.5254799792543053
184,0.6386468200926224,0.592964824120603,0.4153846153846154,0.6,1.4884074032306671,1.201387928193435,0.4494131099432706,0.5522653175052255,0.0773135562427342,1.6894642411731182,0.8639502367377281,0.3319442343898118,6.005492694675922,0.5254799792543053
185,0.6059784678337313,0.6200873362445415,0.34146341463414637,0.5416666666666666,1.4884074032306671,1.201387928193435,0.4494131099432706,0.3552903084084391,0.040671756500378256,1.6894642411731182,0.8639502367377281,0.3319442343898118,6.005492694675922,0.5254799792543053
186,0.5912578325877008,0.6041666666666666,0.28865979381443296,0.5424836601307189,1.4884074032306671,1.201387928193435,0.4494131099432706,0.3552903084084391,0.0773135562427342,2.1588956671766937,0.8639502367377281,0.3319442343898118,6.005492694675922,0.5254799792543053
187,0.5597458814255164,0.6,0.33766233766233766,0.5701754385964912,1.4884074032306671,1.201387928193435,0.4494131099432706,0.3552903084084391,0.0773135562427342,1.6894642411731182,0.7285550418496132,0.3319442343898118,6.005492694675922,0.5254799792543053
188,0.623624301738732,0.6244343891402714,0.37662337662337664,0.5701754385964912,1.4884074032306671,1.201387928193435,0.4494131099432706,0.3552903084084391,0.0773135562427342,1.6894642411731182,0.8639502367377281,0.2956277123652399,6.005492694675922,0.5254799792543053
189,0.5864971007136641,0.6046511627906977,0.36363636363636365,0.5701754385964912,1.4884074032306671,1.201387928193435,0.4494131099432706,0.3552903084084391,0.0773135562427342,1.6894642411731182,0.8639502367377281,0.3319442343898118,6.321280851960182,0.5254799792543053
190,0.5987524034045251,0.6146788990825688,0.37662337662337664,0.5701754385964912,1.4884074032306671,1.201387928193435,0.4494131099432706,0.3552903084084391,0.0773135562427342,1.6894642411731182,0.8639502367377281,0.3319442343898118,6.005492694675922,0.8194034815765916
191,0.6006901873748189,0.5220588235294117,0.2988505747126437,0.7166666666666667,0.8469935562461615,0.8627023302018643,0.3259032367262989,0.5522653175052255,0.040671756500378256,2.1588956671766937,0.7285550418496132,0.2956277123652399,6.321280851960182,0.8194034815765916
192,0.7372351812199052,0.6752411575562701,0.3595505617977528,0.9166666666666666,1.5730290872976183,0.7402358088642359,0.12957191057503223,0.5290741018485278,0.1514367151353508,2.781336463522166,0.779801629036665,0.9901923931203782,9.234762579202652,0.8981335494667291
193,0.7636904439368488,0.6964856230031949,0.33707865168539325,0.9772727272727273,0.89207848533988,0.7402358088642359,0.12957191057503223,0.5290741018485278,0.1514367151353508,2.781336463522166,0.779801629036665,0.9901923931203782,9.234762579202652,0.8981335494667291
194,0.7341201316399021,0.6666666666666666,0.34831460674157305,0.9166666666666666,1.5730290872976183,0.7477386460639537,0.12957191057503223,0.5290741018485278,0.1514367151353508,2.781336463522166,0.779801629036665,0.9901923931203782,9.234762579202652,0.8981335494667291
195,0.6675125290905628,0.6622950819672131,0.38202247191011235,0.8181818181818182,1.5730290872976183,0.7402358088642359,0.2818295896518975,0.5290741018485278,0.1514367151353508,2.781336463522166,0.779801629036665,0.9901923931203782,9.234762579202652,0.8981335494667291
196,0.7159838392713185,0.6728395061728395,0.3157894736842105,0.8811188811188811,1.5730290872976183,0.7402358088642359,0.12957191057503223,0.49557260130532077,0.1514367151353508,2.781336463522166,0.779801629036665,0.9901923931203782,9.234762579202652,0.8981335494667291
197,0.7550950274195382,0.7272727272727273,0.44871794871794873,0.9279279279279279,1.5730290872976183,0.7402358088642359,0.12957191057503223,0.5290741018485278,0.24511857028119266,2.781336463522166,0.779801629036665,0.9901923931203782,9.234762579202652,0.8981335494667291
198,0.7021977321562929,0.6716417910447761,0.30275229357798167,0.8947368421052632,1.5730290872976183,0.7402358088642359,0.12957191057503223,0.5290741018485278,0.1514367151353508,3.3578884542919694,0.779801629036665,0.9901923931203782,9.234762579202652,0.8981335494667291
199,0.7262227098074239,0.7147540983606556,0.38202247191011235,0.946969696969697,1.5730290872976183,0.7402358088642359,0.12957191057503223,0.5290741018485278,0.1514367151353508,2.781336463522166,0.6310689844191074,0.9901923931203782,9.234762579202652,0.8981335494667291
200,0.7446673685864168,0.6838709677419355,0.3707865168539326,0.9166666666666666,1.5730290872976183,0.7402358088642359,0.12957191057503223,0.5290741018485278,0.1514367151353508,2.781336463522166,0.779801629036665,0.5613881530240179,9.234762579202652,0.8981335494667291
201,0.7547437698934848,0.7102803738317757,0.39325842696629215,0.9166666666666666,1.5730290872976183,0.7402358088642359,0.12957191057503223,0.5290741018485278,0.1514367151353508,2.781336463522166,0.779801629036665,0.9901923931203782,24.872609429061413,0.8981335494667291
202,0.7172025112566595,0.6776315789473684,0.3707865168539326,0.9166666666666666,1.5730290872976183,0.7402358088642359,0.12957191057503223,0.5290741018485278,0.1514367151353508,2.781336463522166,0.779801629036665,0.9901923931203782,9.234762579202652,0.37525211861357094
203,0.6964271052250005,0.6956521739130435,0.38636363636363635,0.875,0.89207848533988,0.7477386460639537,0.2818295896518975,0.49557260130532077,0.24511857028119266,3.3578884542919694,0.6310689844191074,0.5613881530240179,24.872609429061413,0.37525211861357094
204,0.5905730202774553,0.6431372549019608,0.35294117647058826,0.6438356164383562,0.5650337536819279,1.2505463314708323,0.5348586083389818,0.17587584913708268,0.10704628502018751,1.8898241379298268,0.5084172967076301,0.30825581904500726,21.730157867074013,0.49283273722976445
205,0.5286132891673713,0.5925925925925926,0.2823529411764706,0.5616438356164384,1.553168377932161,1.2505463314708323,0.5348586083389818,0.17587584913708268,0.10704628502018751,1.8898241379298268,0.5084172967076301,0.30825581904500726,21.730157867074013,0.49283273722976445
206,0.5721828709761434,0.6587301587301588,0.38823529411764707,0.6712328767123288,0.5650337536819279,1.6004769943188875,0.5348586083389818,0.17587584913708268,0.10704628502018751,1.8898241379298268,0.5084172967076301,0.30825581904500726,21.730157867074013,0.49283273722976445
207,0.5480370407298469,0.611111111111111,0.32941176470588235,0.5342465753424658,0.5650337536819279,1.2505463314708323,0.5857370301615447,0.17587584913708268,0.10704628502018751,1.8898241379298268,0.5084172967076301,0.30825581904500726,21.730157867074013,0.49283273722976445
208,0.5554638678714395,0.6345381526104418,0.37349397590361444,0.6597222222222222,0.5650337536819279,1.2505463314708323,0.5348586083389818,0.16429912489838897,0.10704628502018751,1.8898241379298268,0.5084172967076301,0.30825581904500726,21.730157867074013,0.49283273722976445
209,0.5933045981932954,0.657243816254417,0.34831460674157305,0.6521739130434783,0.5650337536819279,1.2505463314708323,0.5348586083389818,0.17587584913708268,0.06803118915297092,1.8898241379298268,0.5084172967076301,0.30825581904500726,21.730157867074013,0.49283273722976445
210,0.6279706800409602,0.6726457399103138,0.3974358974358974,0.6692307692307692,0.5650337536819279,1.2505463314708323,0.5348586083389818,0.17587584913708268,0.10704628502018751,1.5892923083156347,0.5084172967076301,0.30825581904500726,21.730157867074013,0.49283273722976445
211,0.6224200757724175,0.7022900763358779,0.4470588235294118,0.636986301369863,0.5650337536819279,1.2505463314708323,0.5348586083389818,0.17587584913708268,0.10704628502018751,1.8898241379298268,0.778798186480999,0.30825581904500726,21.730157867074013,0.49283273722976445
212,0.5733834118506148,0.6459143968871596,0.38823529411764707,0.6438356164383562,0.5650337536819279,1.2505463314708323,0.5348586083389818,0.17587584913708268,0.10704628502018751,1.8898241379298268,0.5084172967076301,0.8770613208413125,21.730157867074013,0.49283273722976445
213,0.5536940861115764,0.6454183266932271,0.4,0.6438356164383562,0.5650337536819279,1.2505463314708323,0.5348586083389818,0.17587584913708268,0.10704628502018751,1.8898241379298268,0.5084172967076301,0.30825581904500726,8.288355052471161,0.49283273722976445
214,0.5936898648985492,0.6666666666666667,0.4,0.6438356164383562,0.5650337536819279,1.2505463314708323,0.5348586083389818,0.17587584913708268,0.10704628502018751,1.8898241379298268,0.5084172967076301,0.30825581904500726,21.730157867074013,0.7630352125503121
215,0.5489270142983432,0.5901639344262296,0.32926829268292684,0.5,1.553168377932161,1.6004769943188875,0.5857370301615447,0.16429912489838897,0.06803118915297092,1.5892923083156347,0.778798186480999,0.8770613208413125,8.288355052471161,0.7630352125503121
216,0.7965927254979649,0.7439999999999999,0.4268292682926829,0.9327731092436975,0.8117814331315458,1.0578195281792433,0.20391732766292986,0.3892293463926762,0.04029123132117093,1.7587452091276645,0.8955431778728962,0.8247943595983089,29.57511319220066,0.34177276827394965
217,0.7759023538742842,0.7193675889328063,0.4268292682926829,0.8991596638655462,1.2741991874761878,1.0578195281792433,0.20391732766292986,0.3892293463926762,0.04029123132117093,1.7587452091276645,0.8955431778728962,0.8247943595983089,29.57511319220066,0.34177276827394965
218,0.7637793222660897,0.7250996015936255,0.4146341463414634,0.9243697478991597,0.8117814331315458,1.377791305957362,0.20391732766292986,0.3892293463926762,0.04029123132117093,1.7587452091276645,0.8955431778728962,0.8247943595983089,29.57511319220066,0.34177276827394965
219,0.7965927254979649,0.7421875,0.45121951219512196,0.9411764705882353,0.8117814331315458,1.0578195281792433,0.14622683390043675,0.3892293463926762,0.04029123132117093,1.7587452091276645,0.8955431778728962,0.8247943595983089,29.57511319220066,0.34177276827394965
220,0.7436908342235699,0.6866952789699571,0.44594594594594594,0.9117647058823529,0.8117814331315458,1.0578195281792433,0.20391732766292986,0.4713938319124281,0.04029123132117093,1.7587452091276645,0.8955431778728962,0.8247943595983089,29.57511319220066,0.34177276827394965
221,0.7559013627930646,0.7112970711297072,0.4935064935064935,0.9292035398230089,0.8117814331315458,1.0578195281792433,0.20391732766292986,0.3892293463926762,0.08166376020759344,1.7587452091276645,0.8955431778728962,0.8247943595983089,29.57511319220066,0.34177276827394965
222,0.8118152921776959,0.7523809523809524,0.30973451327433627,0.8844221105527639,0.8117814331315458,1.0578195281792433,0.20391732766292986,0.3892293463926762,0.04029123132117093,2.6623965291306373,0.8955431778728962,0.8247943595983089,29.57511319220066,0.34177276827394965
223,0.7973541069581004,0.736,0.4268292682926829,0.9411764705882353,0.8117814331315458,1.0578195281792433,0.20391732766292986,0.3892293463926762,0.04029123132117093,1.7587452091276645,0.9718369713425636,0.8247943595983089,29.57511319220066,0.34177276827394965
224,0.8277278653711182,0.7286821705426356,0.43902439024390244,0.9327731092436975,0.8117814331315458,1.0578195281792433,0.20391732766292986,0.3892293463926762,0.04029123132117093,1.7587452091276645,0.8955431778728962,0.49775225622579455,29.57511319220066,0.34177276827394965
225,0.8056539957113511,0.7413127413127413,0.47560975609756095,0.9327731092436975,0.8117814331315458,1.0578195281792433,0.20391732766292986,0.3892293463926762,0.04029123132117093,1.7587452091276645,0.8955431778728962,0.8247943595983089,15.38555858284235,0.34177276827394965
226,0.7569063291106743,0.7148594377510039,0.43902439024390244,0.9327731092436975,0.8117814331315458,1.0578195281792433,0.20391732766292986,0.3892293463926762,0.04029123132117093,1.7587452091276645,0.8955431778728962,0.8247943595983089,29.57511319220066,0.3163420443423092
227,0.7747773688818774,0.6991869918699186,0.34579439252336447,0.9216867469879518,1.2741991874761878,1.377791305957362,0.14622683390043675,0.4713938319124281,0.08166376020759344,2.6623965291306373,0.9718369713425636,0.49775225622579455,15.38555858284235,0.3163420443423092
228,0.5720663175333341,0.726643598615917,0.4827586206896552,0.7583892617449665,1.2897848222404718,1.6572504558600485,0.3314513562712818,0.29242806681431827,0.2250555017683655,2.951581493578851,0.6269421577453613,1.448015207797289,17.835607320070267,0.6583467891439796
229,0.6428776469281577,0.8243243243243245,0.6206896551724138,0.8389261744966443,0.2148997636511922,1.6572504558600485,0.3314513562712818,0.29242806681431827,0.2250555017683655,2.951581493578851,0.6269421577453613,1.448015207797289,17.835607320070267,0.6583467891439796
230,0.5316615573226625,0.6912751677852349,0.367816091954023,0.7583892617449665,1.2897848222404718,0.97257737563923,0.3314513562712818,0.29242806681431827,0.2250555017683655,2.951581493578851,0.6269421577453613,1.448015207797289,17.835607320070267,0.6583467891439796
231,0.544676692286013,0.6666666666666666,0.39080459770114945,0.6375838926174496,1.2897848222404718,1.6572504558600485,0.45915602729655797,0.29242806681431827,0.2250555017683655,2.951581493578851,0.6269421577453613,1.448015207797289,17.835607320070267,0.6583467891439796
232,0.5287048584857018,0.6739130434782608,0.42391304347826086,0.7762237762237763,1.2897848222404718,1.6572504558600485,0.3314513562712818,0.3651363615877926,0.2250555017683655,2.951581493578851,0.6269421577453613,1.448015207797289,17.835607320070267,0.6583467891439796
233,0.6016320500611951,0.6925207756232687,0.3627450980392157,0.717391304347826,1.2897848222404718,1.6572504558600485,0.3314513562712818,0.29242806681431827,0.14513038413599133,2.951581493578851,0.6269421577453613,1.448015207797289,17.835607320070267,0.6583467891439796
234,0.6303862719985641,0.7079646017699114,0.4857142857142857,0.8,1.2897848222404718,1.6572504558600485,0.3314513562712818,0.29242806681431827,0.2250555017683655,2.29383885031566,0.6269421577453613,1.448015207797289,17.835607320070267,0.6583467891439796
235,0.5816062564121575,0.7254237288135593,0.5172413793103449,0.7919463087248322,1.2897848222404718,1.6572504558600485,0.3314513562712818,0.29242806681431827,0.2250555017683655,2.951581493578851,0.5805302031338215,1.448015207797289,17.835607320070267,0.6583467891439796
236,0.5660524379640158,0.7291666666666666,0.4942528735632184,0.7583892617449665,1.2897848222404718,1.6572504558600485,0.3314513562712818,0.29242806681431827,0.2250555017683655,2.951581493578851,0.6269421577453613,1.4637427874840796,17.835607320070267,0.6583467891439796
237,0.5692198643661001,0.711864406779661,0.4827586206896552,0.7583892617449665,1.2897848222404718,1.6572504558600485,0.3314513562712818,0.29242806681431827,0.2250555017683655,2.951581493578851,0.6269421577453613,1.448015207797289,22.99022899568081,0.6583467891439796
238,0.5720663175333341,0.726643598615917,0.4827586206896552,0.7583892617449665,1.2897848222404718,1.6572504558600485,0.3314513562712818,0.29242806681431827,0.2250555017683655,2.951581493578851,0.6269421577453613,1.448015207797289,17.835607320070267,0.6578707913868129
239,0.6090699981007449,0.6840148698884757,0.39325842696629215,0.7552447552447552,0.2148997636511922,0.97257737563923,0.45915602729655797,0.3651363615877926,0.14513038413599133,2.29383885031566,0.5805302031338215,1.4637427874840796,22.99022899568081,0.6578707913868129
240,0.6702330791076688,0.6693877551020407,0.3561643835616438,0.6016949152542372,1.1859726020134986,0.9825177398044616,0.5081348998472094,0.334049504622817,0.2150309145823121,2.3725097524933516,0.9785830064117909,0.5681496682576835,26.07220995426178,0.4574514996260405
241,0.687302763427382,0.6857142857142857,0.3698630136986301,0.576271186440678,1.2087530952878296,0.9825177398044616,0.5081348998472094,0.334049504622817,0.2150309145823121,2.3725097524933516,0.9785830064117909,0.5681496682576835,26.07220995426178,0.4574514996260405
242,0.7409483557146586,0.6771653543307087,0.4520547945205479,0.635593220338983,1.1859726020134986,1.0235932055860757,0.5081348998472094,0.334049504622817,0.2150309145823121,2.3725097524933516,0.9785830064117909,0.5681496682576835,26.07220995426178,0.4574514996260405
243,0.7664512323433857,0.7826086956521738,0.589041095890411,0.940677966101695,1.1859726020134986,0.9825177398044616,0.06178812310099602,0.334049504622817,0.2150309145823121,2.3725097524933516,0.9785830064117909,0.5681496682576835,26.07220995426178,0.4574514996260405
244,0.68297592283451,0.7215686274509805,0.41333333333333333,0.625,1.1859726020134986,0.9825177398044616,0.5081348998472094,0.23591026836074885,0.2150309145823121,2.3725097524933516,0.9785830064117909,0.5681496682576835,26.07220995426178,0.4574514996260405
245,0.729907808003539,0.676056338028169,0.4186046511627907,0.5797101449275363,1.1859726020134986,0.9825177398044616,0.5081348998472094,0.334049504622817,0.16437312856316566,2.3725097524933516,0.9785830064117909,0.5681496682576835,26.07220995426178,0.4574514996260405
246,0.71831762151626,0.6504854368932038,0.46153846153846156,0.59375,1.1859726020134986,0.9825177398044616,0.5081348998472094,0.334049504622817,0.2150309145823121,1.9152804318815468,0.9785830064117909,0.5681496682576835,26.07220995426178,0.4574514996260405
247,0.5508402559396125,0.6212765957446809,0.3150684931506849,0.576271186440678,1.1859726020134986,0.9825177398044616,0.5081348998472094,0.334049504622817,0.2150309145823121,2.3725097524933516,0.5267794966697693,0.5681496682576835,26.07220995426178,0.4574514996260405
248,0.714394319623805,0.7096774193548386,0.4246575342465753,0.6016949152542372,1.1859726020134986,0.9825177398044616,0.5081348998472094,0.334049504622817,0.2150309145823121,2.3725097524933516,0.9785830064117909,1.303187758475542,26.07220995426178,0.4574514996260405
249,0.6794900349155273,0.6694214876033057,0.3698630136986301,0.6016949152542372,1.1859726020134986,0.9825177398044616,0.5081348998472094,0.334049504622817,0.2150309145823121,2.3725097524933516,0.9785830064117909,0.5681496682576835,12.559778474271297,0.4574514996260405
250,0.6996834099483681,0.704,0.3835616438356164,0.6016949152542372,1.1859726020134986,0.9825177398044616,0.5081348998472094,0.334049504622817,0.2150309145823121,2.3725097524933516,0.9785830064117909,0.5681496682576835,26.07220995426178,0.5207787525840104
251,0.7728256201535095,0.8148148148148149,0.6133333333333333,0.959349593495935,1.2087530952878296,1.0235932055860757,0.06178812310099602,0.23591026836074885,0.16437312856316566,1.9152804318815468,0.5267794966697693,1.303187758475542,12.559778474271297,0.5207787525840104
252,0.7452581256248992,0.726153846153846,0.46236559139784944,0.9310344827586207,0.9189127879217267,1.7212268848903476,0.08780912524089217,0.4623069134540856,0.0592869321256876,2.3344477967359127,0.7071401894092559,1.209064627625048,13.81141148507595,0.7533884910866617
253,0.7421814124425263,0.694006309148265,0.3225806451612903,0.9379310344827586,0.5458671467378735,1.7212268848903476,0.08780912524089217,0.4623069134540856,0.0592869321256876,2.3344477967359127,0.7071401894092559,1.209064627625048,13.81141148507595,0.7533884910866617
254,0.8071198415608525,0.757396449704142,0.46236559139784944,0.9517241379310345,0.9189127879217267,1.3267405758146196,0.08780912524089217,0.4623069134540856,0.0592869321256876,2.3344477967359127,0.7071401894092559,1.209064627625048,13.81141148507595,0.7533884910866617
255,0.6603160350758804,0.6114649681528662,0.27956989247311825,0.7586206896551724,0.9189127879217267,1.7212268848903476,0.37608519317582245,0.4623069134540856,0.0592869321256876,2.3344477967359127,0.7071401894092559,1.209064627625048,13.81141148507595,0.7533884910866617
256,0.729894113737438,0.6304347826086956,0.3561643835616438,0.9433962264150944,0.9189127879217267,1.7212268848903476,0.08780912524089217,0.5936985409352928,0.0592869321256876,2.3344477967359127,0.7071401894092559,1.209064627625048,13.81141148507595,0.7533884910866617
257,0.7547183449047513,0.7200000000000001,0.48314606741573035,0.917910447761194,0.9189127879217267,1.7212268848903476,0.08780912524089217,0.4623069134540856,0.12002635454759003,2.3344477967359127,0.7071401894092559,1.209064627625048,13.81141148507595,0.7533884910866617
258,0.7659082092123618,0.7186629526462397,0.3867924528301887,0.9202453987730062,0.9189127879217267,1.7212268848903476,0.08780912524089217,0.4623069134540856,0.0592869321256876,2.537828902248293,0.7071401894092559,1.209064627625048,13.81141148507595,0.7533884910866617
259,0.7993528553149808,0.716417910447761,0.43010752688172044,0.9310344827586207,0.9189127879217267,1.7212268848903476,0.08780912524089217,0.4623069134540856,0.0592869321256876,2.3344477967359127,0.9183464615046978,1.209064627625048,13.81141148507595,0.7533884910866617
260,0.7469511058693646,0.7062499999999999,0.3978494623655914,0.9310344827586207,0.9189127879217267,1.7212268848903476,0.08780912524089217,0.4623069134540856,0.0592869321256876,2.3344477967359127,0.7071401894092559,0.33838741276413203,13.81141148507595,0.7533884910866617
261,0.7472931185957415,0.7352024922118381,0.45161290322580644,0.9310344827586207,0.9189127879217267,1.7212268848903476,0.08780912524089217,0.4623069134540856,0.0592869321256876,2.3344477967359127,0.7071401894092559,1.209064627625048,19.95662435889244,0.7533884910866617
262,0.7435606170680917,0.7040498442367601,0.3870967741935484,0.9310344827586207,0.9189127879217267,1.7212268848903476,0.08780912524089217,0.4623069134540856,0.0592869321256876,2.3344477967359127,0.7071401894092559,1.209064627625048,13.81141148507595,0.8799977305345237
263,0.6963560094894943,0.5594405594405595,0.2911392405063291,0.7631578947368421,0.5458671467378735,1.3267405758146196,0.37608519317582245,0.5936985409352928,0.12002635454759003,2.537828902248293,0.9183464615046978,0.33838741276413203,19.95662435889244,0.8799977305345237
264,0.6986454064447544,0.7142857142857142,0.5068493150684932,0.8018867924528302,0.24384644255042076,0.48660159260034563,0.44438059288077053,0.24675350859761236,0.10427505619823933,1.3141215160489081,0.846760663241148,1.057835638988763,7.492784008383751,0.6010900508612393
265,0.6966394742860211,0.7120418848167539,0.4657534246575342,0.7075471698113207,0.8247128881514072,0.48660159260034563,0.44438059288077053,0.24675350859761236,0.10427505619823933,1.3141215160489081,0.846760663241148,1.057835638988763,7.492784008383751,0.6010900508612393
266,0.653887546490024,0.6910994764397905,0.4657534246575342,0.7830188679245284,0.24384644255042076,1.8212721599731594,0.44438059288077053,0.24675350859761236,0.10427505619823933,1.3141215160489081,0.846760663241148,1.057835638988763,7.492784008383751,0.6010900508612393
267,0.8243745181585634,0.8558139534883721,0.726027397260274,0.9056603773584906,0.24384644255042076,0.48660159260034563,0.19247940471395847,0.24675350859761236,0.10427505619823933,1.3141215160489081,0.846760663241148,1.057835638988763,7.492784008383751,0.6010900508612393
268,0.6898981292701549,0.7340425531914895,0.49295774647887325,0.7961165048543689,0.24384644255042076,0.48660159260034563,0.44438059288077053,0.26710310233756895,0.10427505619823933,1.3141215160489081,0.846760663241148,1.057835638988763,7.492784008383751,0.6010900508612393
269,0.7574241491291546,0.7314814814814816,0.4935064935064935,0.8362068965517241,0.24384644255042076,0.48660159260034563,0.44438059288077053,0.24675350859761236,0.04741265489719808,1.3141215160489081,0.846760663241148,1.057835638988763,7.492784008383751,0.6010900508612393
270,0.6825021774985638,0.7042253521126761,0.41025641025641024,0.7647058823529411,0.24384644255042076,0.48660159260034563,0.44438059288077053,0.24675350859761236,0.10427505619823933,1.4647202773950994,0.846760663241148,1.057835638988763,7.492784008383751,0.6010900508612393
271,0.6919486376990822,0.6938775510204082,0.4794520547945205,0.7924528301886793,0.24384644255042076,0.48660159260034563,0.44438059288077053,0.24675350859761236,0.10427505619823933,1.3141215160489081,0.8300767670571804,1.057835638988763,7.492784008383751,0.6010900508612393
272,0.6986454064447544,0.7142857142857142,0.5068493150684932,0.8018867924528302,0.24384644255042076,0.48660159260034563,0.44438059288077053,0.24675350859761236,0.10427505619823933,1.3141215160489081,0.846760663241148,1.0364267841912806,7.492784008383751,0.6010900508612393
273,0.6720495098735775,0.6596858638743456,0.4246575342465753,0.8018867924528302,0.24384644255042076,0.48660159260034563,0.44438059288077053,0.24675350859761236,0.10427505619823933,1.3141215160489081,0.846760663241148,1.057835638988763,27.812455125153065,0.6010900508612393
274,0.6345778006770313,0.6593406593406593,0.4246575342465753,0.8018867924528302,0.24384644255042076,0.48660159260034563,0.44438059288077053,0.24675350859761236,0.10427505619823933,1.3141215160489081,0.846760663241148,1.057835638988763,7.492784008383751,0.28694348549470305
275,0.6704294108784089,0.7567567567567568,0.5308641975308642,0.896,0.8247128881514072,1.8212721599731594,0.19247940471395847,0.26710310233756895,0.04741265489719808,1.4647202773950994,0.8300767670571804,1.0364267841912806,27.812455125153065,0.28694348549470305
276,0.5226029045976089,0.6050955414012739,0.3434343434343434,0.7315436241610739,1.8908981504850089,1.492849657079205,0.29751064521260556,0.5684974291361868,0.17758037898689508,3.3604081703349946,0.5782181277871132,0.39375179000198846,18.997770309448242,0.21890187542885542
277,0.5037257074097226,0.5974025974025975,0.3333333333333333,0.7248322147651006,1.8862626842223107,1.492849657079205,0.29751064521260556,0.5684974291361868,0.17758037898689508,3.3604081703349946,0.5782181277871132,0.39375179000198846,18.997770309448242,0.21890187542885542
278,0.48185166841084676,0.5579937304075235,0.29292929292929293,0.6912751677852349,1.8908981504850089,0.5269776783883572,0.29751064521260556,0.5684974291361868,0.17758037898689508,3.3604081703349946,0.5782181277871132,0.39375179000198846,18.997770309448242,0.21890187542885542
279,0.4189935533895161,0.5,0.24242424242424243,0.4899328859060403,1.8908981504850089,1.492849657079205,0.4988457089290022,0.5684974291361868,0.17758037898689508,3.3604081703349946,0.5782181277871132,0.39375179000198846,18.997770309448242,0.21890187542885542
280,0.5014612578978221,0.5964912280701755,0.2857142857142857,0.6457142857142857,1.8908981504850089,1.492849657079205,0.29751064521260556,0.3999097413383424,0.17758037898689508,3.3604081703349946,0.5782181277871132,0.39375179000198846,18.997770309448242,0.21890187542885542
281,0.4986554652935648,0.6308243727598567,0.3763440860215054,0.7786259541984732,1.8908981504850089,1.492849657079205,0.29751064521260556,0.5684974291361868,0.20813165266998113,3.3604081703349946,0.5782181277871132,0.39375179000198846,18.997770309448242,0.21890187542885542
282,0.5339747751609731,0.6490566037735849,0.35555555555555557,0.7769230769230769,1.8908981504850089,1.492849657079205,0.29751064521260556,0.5684974291361868,0.17758037898689508,2.9793344056233764,0.5782181277871132,0.39375179000198846,18.997770309448242,0.21890187542885542
283,0.5024311963411698,0.5904761904761905,0.35353535353535354,0.7181208053691275,1.8908981504850089,1.492849657079205,0.29751064521260556,0.5684974291361868,0.17758037898689508,3.3604081703349946,0.6825491946935653,0.39375179000198846,18.997770309448242,0.21890187542885542
284,0.5161518142166897,0.5741324921135647,0.29292929292929293,0.7315436241610739,1.8908981504850089,1.492849657079205,0.29751064521260556,0.5684974291361868,0.17758037898689508,3.3604081703349946,0.5782181277871132,0.721943801920861,18.997770309448242,0.21890187542885542
285,0.4877691757952621,0.5974025974025975,0.35353535353535354,0.7315436241610739,1.8908981504850089,1.492849657079205,0.29751064521260556,0.5684974291361868,0.17758037898689508,3.3604081703349946,0.5782181277871132,0.39375179000198846,11.395376220345497,0.21890187542885542
286,0.5678924790402474,0.629737609329446,0.35353535353535354,0.7315436241610739,1.8908981504850089,1.492849657079205,0.29751064521260556,0.5684974291361868,0.17758037898689508,3.3604081703349946,0.5782181277871132,0.39375179000198846,18.997770309448242,0.5997798644937575
287,0.380434128146922,0.5236363636363637,0.2717391304347826,0.44755244755244755,1.8862626842223107,0.5269776783883572,0.4988457089290022,0.3999097413383424,0.20813165266998113,2.9793344056233764,0.6825491946935653,0.721943801920861,11.395376220345497,0.5997798644937575
288,0.6504851949519678,0.6372549019607843,0.30357142857142855,0.5157894736842106,1.7686756363138556,1.1502175280824303,0.42144935573451214,0.4359725825954228,0.13148404981940984,3.199430316220969,0.9267589700222015,0.6494645688682794,24.240251138806343,0.6827629020437598
289,0.6615810842197342,0.6454767726161369,0.29464285714285715,0.5578947368421052,1.6890963180921972,1.1502175280824303,0.42144935573451214,0.4359725825954228,0.13148404981940984,3.199430316220969,0.9267589700222015,0.6494645688682794,24.240251138806343,0.6827629020437598
290,0.6653741936995867,0.6198547215496368,0.2767857142857143,0.5263157894736842,1.7686756363138556,0.7061372884549201,0.42144935573451214,0.4359725825954228,0.13148404981940984,3.199430316220969,0.9267589700222015,0.6494645688682794,24.240251138806343,0.6827629020437598
291,0.6079684968783664,0.6200000000000001,0.30357142857142855,0.6473684210526316,1.7686756363138556,1.1502175280824303,0.35771686453372237,0.4359725825954228,0.13148404981940984,3.199430316220969,0.9267589700222015,0.6494645688682794,24.240251138806343,0.6827629020437598
292,0.552134162925274,0.6057692307692307,0.3135593220338983,0.5280373831775701,1.7686756363138556,1.1502175280824303,0.42144935573451214,0.3003569884691387,0.13148404981940984,3.199430316220969,0.9267589700222015,0.6494645688682794,24.240251138806343,0.6827629020437598
293,0.6068906139265355,0.6264501160092808,0.275,0.5343137254901961,1.7686756363138556,1.1502175280824303,0.42144935573451214,0.4359725825954228,0.0959623707085848,3.199430316220969,0.9267589700222015,0.6494645688682794,24.240251138806343,0.6827629020437598
294,0.6362756653300218,0.6186440677966102,0.35443037974683544,0.5982142857142857,1.7686756363138556,1.1502175280824303,0.42144935573451214,0.4359725825954228,0.13148404981940984,1.953148579970002,0.9267589700222015,0.6494645688682794,24.240251138806343,0.6827629020437598
295,0.6312560425945508,0.6343825665859564,0.2857142857142857,0.5105263157894737,1.7686756363138556,1.1502175280824303,0.42144935573451214,0.4359725825954228,0.13148404981940984,3.199430316220969,0.9489661005139352,0.6494645688682794,24.240251138806343,0.6827629020437598
296,0.6615812191867997,0.6339066339066338,0.2857142857142857,0.5157894736842106,1.7686756363138556,1.1502175280824303,0.42144935573451214,0.4359725825954228,0.13148404981940984,3.199430316220969,0.9267589700222015,1.3945654161274432,24.240251138806343,0.6827629020437598
297,0.6310859184309703,0.626865671641791,0.25892857142857145,0.5157894736842106,1.7686756363138556,1.1502175280824303,0.42144935573451214,0.4359725825954228,0.13148404981940984,3.199430316220969,0.9267589700222015,0.6494645688682794,13.539265930652618,0.6827629020437598
298,0.626277323491047,0.6243654822335024,0.33035714285714285,0.5157894736842106,1.7686756363138556,1.1502175280824303,0.42144935573451214,0.4359725825954228,0.13148404981940984,3.199430316220969,0.9267589700222015,0.6494645688682794,24.240251138806343,0.359732533339411
299,0.6555633356558742,0.6538461538461539,0.3902439024390244,0.6159420289855072,1.6890963180921972,0.7061372884549201,0.35771686453372237,0.3003569884691387,0.0959623707085848,1.953148579970002,0.9489661005139352,1.3945654161274432,13.539265930652618,0.359732533339411
300,0.677717199003177,0.7471264367816092,0.5806451612903226,0.9101123595505618,0.33286584438756106,1.5712245262693614,0.27397510265000163,0.36742710261605677,0.14825097978115082,1.508211761061102,0.7153746385872364,1.288157754112035,12.735654920339584,0.3006079409271479
301,0.6418124038507904,0.7017543859649121,0.5161290322580645,0.8651685393258427,0.6499264851212502,1.5712245262693614,0.27397510265000163,0.36742710261605677,0.14825097978115082,1.508211761061102,0.7153746385872364,1.288157754112035,12.735654920339584,0.3006079409271479
302,0.6589119184514877,0.7356321839080459,0.5483870967741935,0.9213483146067416,0.33286584438756106,1.6434833049308508,0.27397510265000163,0.36742710261605677,0.14825097978115082,1.508211761061102,0.7153746385872364,1.288157754112035,12.735654920339584,0.3006079409271479
303,0.6525037195083659,0.8047337278106509,0.6290322580645161,0.9775280898876404,0.33286584438756106,1.5712245262693614,0.11339507726952433,0.36742710261605677,0.14825097978115082,1.508211761061102,0.7153746385872364,1.288157754112035,12.735654920339584,0.3006079409271479
304,0.6263197696976689,0.7239263803680982,0.5573770491803278,0.891566265060241,0.33286584438756106,1.5712245262693614,0.27397510265000163,0.4193610737565905,0.14825097978115082,1.508211761061102,0.7153746385872364,1.288157754112035,12.735654920339584,0.3006079409271479
305,0.6438862981517559,0.7209302325581396,0.532258064516129,0.9101123595505618,0.33286584438756106,1.5712245262693614,0.27397510265000163,0.36742710261605677,0.15962377650663256,1.508211761061102,0.7153746385872364,1.288157754112035,12.735654920339584,0.3006079409271479
306,0.6561130717976902,0.710344827586207,0.45161290322580644,0.8666666666666667,0.33286584438756106,1.5712245262693614,0.27397510265000163,0.36742710261605677,0.14825097978115082,2.428016660455614,0.7153746385872364,1.288157754112035,12.735654920339584,0.3006079409271479
307,0.6153377812729902,0.7185628742514971,0.5483870967741935,0.9213483146067416,0.33286584438756106,1.5712245262693614,0.27397510265000163,0.36742710261605677,0.14825097978115082,1.508211761061102,0.6165182919800282,1.288157754112035,12.735654920339584,0.3006079409271479
308,0.6438862981517559,0.7218934911242604,0.532258064516129,0.9101123595505618,0.33286584438756106,1.5712245262693614,0.27397510265000163,0.36742710261605677,0.14825097978115082,1.508211761061102,0.7153746385872364,0.4095244774594903,12.735654920339584,0.3006079409271479
309,0.6546771458442963,0.744186046511628,0.5967741935483871,0.9101123595505618,0.33286584438756106,1.5712245262693614,0.27397510265000163,0.36742710261605677,0.14825097978115082,1.508211761061102,0.7153746385872364,1.288157754112035,18.12205546349287,0.3006079409271479
310,0.7133723144246424,0.7868852459016393,0.6451612903225806,0.9101123595505618,0.33286584438756106,1.5712245262693614,0.27397510265000163,0.36742710261605677,0.14825097978115082,1.508211761061102,0.7153746385872364,1.288157754112035,12.735654920339584,0.7019921309314667
311,0.7275616355250139,0.7625418060200668,0.5056179775280899,0.9020979020979021,0.6499264851212502,1.6434833049308508,0.11339507726952433,0.4193610737565905,0.15962377650663256,2.428016660455614,0.6165182919800282,0.4095244774594903,18.12205546349287,0.7019921309314667
312,0.5131133667155071,0.5454545454545455,0.42857142857142855,0.609375,1.0423934019170702,0.6535074027720839,0.4931973444297909,0.594844150962308,0.2435165086388588,1.925250171869993,0.8081168642640113,1.1347063714638352,8.568883627653122,0.5391245177015662
313,0.5857223712380343,0.6000000000000001,0.5306122448979592,0.703125,0.47741502318531276,0.6535074027720839,0.4931973444297909,0.594844150962308,0.2435165086388588,1.925250171869993,0.8081168642640113,1.1347063714638352,8.568883627653122,0.5391245177015662
314,0.5958135690301515,0.6496815286624203,0.5510204081632653,0.609375,1.0423934019170702,1.5057694870512932,0.4931973444297909,0.594844150962308,0.2435165086388588,1.925250171869993,0.8081168642640113,1.1347063714638352,8.568883627653122,0.5391245177015662
315,0.5236723452085377,0.5369127516778524,0.4489795918367347,0.609375,1.0423934019170702,0.6535074027720839,0.47988572278991337,0.594844150962308,0.2435165086388588,1.925250171869993,0.8081168642640113,1.1347063714638352,8.568883627653122,0.5391245177015662
316,0.705635921156186,0.7035175879396985,0.47692307692307695,0.5769230769230769,1.0423934019170702,0.6535074027720839,0.4931973444297909,0.21993238320574163,0.2435165086388588,1.925250171869993,0.8081168642640113,1.1347063714638352,8.568883627653122,0.5391245177015662
317,0.5332877444493848,0.5394736842105262,0.45098039215686275,0.6060606060606061,1.0423934019170702,0.6535074027720839,0.4931973444297909,0.594844150962308,0.23090769610367715,1.925250171869993,0.8081168642640113,1.1347063714638352,8.568883627653122,0.5391245177015662
318,0.6270083837095333,0.5416666666666666,0.38235294117647056,0.6666666666666666,1.0423934019170702,0.6535074027720839,0.4931973444297909,0.594844150962308,0.2435165086388588,1.2112282260321081,0.8081168642640113,1.1347063714638352,8.568883627653122,0.5391245177015662
319,0.5499573960931164,0.5100671140939598,0.3877551020408163,0.59375,1.0423934019170702,0.6535074027720839,0.4931973444297909,0.594844150962308,0.2435165086388588,1.925250171869993,0.6522331692278385,1.1347063714638352,8.568883627653122,0.5391245177015662
320,0.49487601781675583,0.5034965034965034,0.3673469387755102,0.609375,1.0423934019170702,0.6535074027720839,0.4931973444297909,0.594844150962308,0.2435165086388588,1.925250171869993,0.8081168642640113,0.9653045968152583,8.568883627653122,0.5391245177015662
321,0.5269084340717666,0.5135135135135135,0.4489795918367347,0.609375,1.0423934019170702,0.6535074027720839,0.4931973444297909,0.594844150962308,0.2435165086388588,1.925250171869993,0.8081168642640113,1.1347063714638352,29.739672884345055,0.5391245177015662
322,0.5418759498502497,0.5442176870748299,0.42857142857142855,0.609375,1.0423934019170702,0.6535074027720839,0.4931973444297909,0.594844150962308,0.2435165086388588,1.925250171869993,0.8081168642640113,1.1347063714638352,8.568883627653122,0.42132688341662283
323,0.7381048893653372,0.7619047619047619,0.5964912280701754,0.875,0.47741502318531276,1.5057694870512932,0.47988572278991337,0.21993238320574163,0.23090769610367715,1.2112282260321081,0.6522331692278385,0.9653045968152583,29.739672884345055,0.42132688341662283
324,0.7839123916302718,0.8265524625267666,0.43103448275862066,0.9279661016949152,1.095695125684142,1.3422307922504841,0.07347579328343272,0.21339098713360727,0.029324957095086576,2.7496830066666007,0.5995158450305462,0.4785570758394897,20.829386427998543,0.8350943896919489
325,0.7830765539454838,0.8207343412526997,0.41379310344827586,0.923728813559322,1.1179598678834737,1.3422307922504841,0.07347579328343272,0.21339098713360727,0.029324957095086576,2.7496830066666007,0.5995158450305462,0.4785570758394897,20.829386427998543,0.8350943896919489
326,0.7714215423799945,0.8043478260869565,0.39655172413793105,0.9449152542372882,1.095695125684142,0.8460262727923691,0.07347579328343272,0.21339098713360727,0.029324957095086576,2.7496830066666007,0.5995158450305462,0.4785570758394897,20.829386427998543,0.8350943896919489
327,0.8007085916740478,0.8304347826086955,0.45689655172413796,0.8516949152542372,1.095695125684142,1.3422307922504841,0.24480390138924119,0.21339098713360727,0.029324957095086576,2.7496830066666007,0.5995158450305462,0.4785570758394897,20.829386427998543,0.8350943896919489
328,0.7433430011161127,0.6464088397790055,0.27,0.9724137931034482,1.095695125684142,1.3422307922504841,0.07347579328343272,0.5639475258998572,0.029324957095086576,2.7496830066666007,0.5995158450305462,0.4785570758394897,20.829386427998543,0.8350943896919489
329,0.7917767691208967,0.8251121076233183,0.43243243243243246,0.933920704845815,1.095695125684142,1.3422307922504841,0.07347579328343272,0.21339098713360727,0.053562361719086765,2.7496830066666007,0.5995158450305462,0.4785570758394897,20.829386427998543,0.8350943896919489
330,0.7711431426659694,0.8400000000000001,0.41732283464566927,0.9107142857142857,1.095695125684142,1.3422307922504841,0.07347579328343272,0.21339098713360727,0.029324957095086576,3.161022744141519,0.5995158450305462,0.4785570758394897,20.829386427998543,0.8350943896919489
331,0.7999564175201569,0.831896551724138,0.49137931034482757,0.923728813559322,1.095695125684142,1.3422307922504841,0.07347579328343272,0.21339098713360727,0.029324957095086576,2.7496830066666007,0.740751219689846,0.4785570758394897,20.829386427998543,0.8350943896919489
332,0.7886777820860799,0.8283261802575108,0.4396551724137931,0.9279661016949152,1.095695125684142,1.3422307922504841,0.07347579328343272,0.21339098713360727,0.029324957095086576,2.7496830066666007,0.5995158450305462,0.6305810215882957,20.829386427998543,0.8350943896919489
333,0.7691072145629768,0.8149779735682819,0.4051724137931034,0.9279661016949152,1.095695125684142,1.3422307922504841,0.07347579328343272,0.21339098713360727,0.029324957095086576,2.7496830066666007,0.5995158450305462,0.4785570758394897,10.136467315256596,0.8350943896919489
334,0.7766569550385781,0.8207343412526997,0.4224137931034483,0.9279661016949152,1.095695125684142,1.3422307922504841,0.07347579328343272,0.21339098713360727,0.029324957095086576,2.7496830066666007,0.5995158450305462,0.4785570758394897,20.829386427998543,0.8044482854194939
335,0.6305206045891744,0.6439024390243901,0.2807017543859649,0.8435754189944135,1.1179598678834737,0.8460262727923691,0.24480390138924119,0.5639475258998572,0.053562361719086765,3.161022744141519,0.740751219689846,0.6305810215882957,10.136467315256596,0.8044482854194939
336,0.5523322866464614,0.6597510373443984,0.19047619047619047,0.7573529411764706,1.412007336411625,0.5782911552581936,0.24940402782522142,0.20227632327005265,0.06969019033946097,3.320611539762467,0.7580351045727729,0.9078952334821224,11.066720768809319,0.24917326252907515
337,0.5978704176732126,0.7073170731707316,0.25396825396825395,0.8602941176470589,0.41202091220766307,0.5782911552581936,0.24940402782522142,0.20227632327005265,0.06969019033946097,3.320611539762467,0.7580351045727729,0.9078952334821224,11.066720768809319,0.24917326252907515
338,0.6092270652486386,0.6947791164658634,0.20634920634920634,0.8198529411764706,1.412007336411625,1.157577871903777,0.24940402782522142,0.20227632327005265,0.06969019033946097,3.320611539762467,0.7580351045727729,0.9078952334821224,11.066720768809319,0.24917326252907515
339,0.4613802170606584,0.545054945054945,0.20634920634920634,0.4007352941176471,1.412007336411625,0.5782911552581936,0.5347513730172068,0.20227632327005265,0.06969019033946097,3.320611539762467,0.7580351045727729,0.9078952334821224,11.066720768809319,0.24917326252907515
340,0.5582310372997658,0.6095238095238096,0.264,0.7419354838709677,1.412007336411625,0.5782911552581936,0.24940402782522142,0.4343359422404318,0.06969019033946097,3.320611539762467,0.7580351045727729,0.9078952334821224,11.066720768809319,0.24917326252907515
341,0.5394548089582417,0.6812749003984064,0.24812030075187969,0.7758620689655172,1.412007336411625,0.5782911552581936,0.24940402782522142,0.20227632327005265,0.03318261030130089,3.320611539762467,0.7580351045727729,0.9078952334821224,11.066720768809319,0.24917326252907515
342,0.5523322866464614,0.6597510373443984,0.19047619047619047,0.7573529411764706,1.412007336411625,0.5782911552581936,0.24940402782522142,0.20227632327005265,0.06969019033946097,3.3239506960846485,0.7580351045727729,0.9078952334821224,11.066720768809319,0.24917326252907515
343,0.5917818449472385,0.6789366053169735,0.23015873015873015,0.7536764705882353,1.412007336411625,0.5782911552581936,0.24940402782522142,0.20227632327005265,0.06969019033946097,3.320611539762467,0.8091247414052487,0.9078952334821224,11.066720768809319,0.24917326252907515
344,0.5571519885137345,0.6555323590814196,0.1984126984126984,0.7573529411764706,1.412007336411625,0.5782911552581936,0.24940402782522142,0.20227632327005265,0.06969019033946097,3.320611539762467,0.7580351045727729,0.7949458720162512,11.066720768809319,0.24917326252907515
345,0.5782011166943755,0.6789366053169735,0.23015873015873015,0.7573529411764706,1.412007336411625,0.5782911552581936,0.24940402782522142,0.20227632327005265,0.06969019033946097,3.320611539762467,0.7580351045727729,0.9078952334821224,26.70608040690422,0.24917326252907515
346,0.5231264081621012,0.6454352441613588,0.1984126984126984,0.7573529411764706,1.412007336411625,0.5782911552581936,0.24940402782522142,0.20227632327005265,0.06969019033946097,3.320611539762467,0.7580351045727729,0.9078952334821224,11.066720768809319,0.24149887217208743
347,0.560997313129147,0.5327510917030567,0.19230769230769232,0.5657894736842105,0.41202091220766307,1.157577871903777,0.5347513730172068,0.4343359422404318,0.03318261030130089,3.3239506960846485,0.8091247414052487,0.7949458720162512,26.70608040690422,0.24149887217208743
348,0.5920059897483154,0.6666666666666666,0.5,0.8235294117647058,0.7227620312944054,1.406116149108857,0.3775423290673643,0.49565439317375415,0.19780376327224075,1.350952485296875,0.5465922884643077,0.22881497154012323,22.805913627147675,0.5656923782080412
349,0.5582026756847961,0.5777777777777778,0.42,0.6764705882352942,1.4488752697594462,1.406116149108857,0.3775423290673643,0.49565439317375415,0.19780376327224075,1.350952485296875,0.5465922884643077,0.22881497154012323,22.805913627147675,0.5656923782080412
350,0.6251188570083511,0.6712328767123287,0.52,0.7794117647058824,0.7227620312944054,1.194160862499848,0.3775423290673643,0.49565439317375415,0.19780376327224075,1.350952485296875,0.5465922884643077,0.22881497154012323,22.805913627147675,0.5656923782080412
351,0.6846050242531874,0.7123287671232877,0.54,0.8823529411764706,0.7227620312944054,1.406116149108857,0.2972944309469312,0.49565439317375415,0.19780376327224075,1.350952485296875,0.5465922884643077,0.22881497154012323,22.805913627147675,0.5656923782080412
352,0.6503828234057082,0.6909090909090909,0.43333333333333335,0.7816091954022989,0.7227620312944054,1.406116149108857,0.3775423290673643,0.3424028493929654,0.19780376327224075,1.350952485296875,0.5465922884643077,0.22881497154012323,22.805913627147675,0.5656923782080412
353,0.6347435943637608,0.6901408450704226,0.5,0.8235294117647058,0.7227620312944054,1.406116149108857,0.3775423290673643,0.49565439317375415,0.19365414225496352,1.350952485296875,0.5465922884643077,0.22881497154012323,22.805913627147675,0.5656923782080412
354,0.51270817275317,0.6577181208053691,0.5357142857142857,0.8589743589743589,0.7227620312944054,1.406116149108857,0.3775423290673643,0.49565439317375415,0.19780376327224075,1.6951741602271795,0.5465922884643077,0.22881497154012323,22.805913627147675,0.5656923782080412
355,0.6179877773522993,0.6470588235294118,0.46,0.7941176470588235,0.7227620312944054,1.406116149108857,0.3775423290673643,0.49565439317375415,0.19780376327224075,1.350952485296875,0.7203977352380753,0.22881497154012323,22.805913627147675,0.5656923782080412
356,0.6295102133949741,0.6901408450704226,0.52,0.8235294117647058,0.7227620312944054,1.406116149108857,0.3775423290673643,0.49565439317375415,0.19780376327224075,1.350952485296875,0.5465922884643077,1.1310183241963387,22.805913627147675,0.5656923782080412
357,0.6340703187096864,0.6099290780141843,0.48,0.8235294117647058,0.7227620312944054,1.406116149108857,0.3775423290673643,0.49565439317375415,0.19780376327224075,1.350952485296875,0.5465922884643077,0.22881497154012323,7.310699366033077,0.5656923782080412
358,0.6160812783320406,0.7000000000000001,0.54,0.8235294117647058,0.7227620312944054,1.406116149108857,0.3775423290673643,0.49565439317375415,0.19780376327224075,1.350952485296875,0.5465922884643077,0.22881497154012323,22.805913627147675,0.5577152778394521
359,0.6132360098883527,0.7292817679558011,0.5230769230769231,0.7916666666666666,1.4488752697594462,1.194160862499848,0.2972944309469312,0.3424028493929654,0.19365414225496352,1.6951741602271795,0.7203977352380753,1.1310183241963387,7.310699366033077,0.5577152778394521
360,0.721547739532044,0.7791164658634538,0.5256410256410257,0.9206349206349206,0.4415531396865845,0.8964977709576487,0.18425239622592926,0.2660408436320722,0.18132611435838045,2.0825094133615494,0.8868400359153747,0.7482117613777519,28.49901419878006,0.80553421061486
361,0.6838873849995376,0.76,0.5256410256410257,0.8888888888888888,1.6216787396930157,0.8964977709576487,0.18425239622592926,0.2660408436320722,0.18132611435838045,2.0825094133615494,0.8868400359153747,0.7482117613777519,28.49901419878006,0.80553421061486
362,0.7293832029818708,0.7258064516129032,0.41025641025641024,0.8968253968253969,0.4415531396865845,1.7849927878472953,0.18425239622592926,0.2660408436320722,0.18132611435838045,2.0825094133615494,0.8868400359153747,0.7482117613777519,28.49901419878006,0.80553421061486
363,0.569505108576392,0.6495726495726495,0.3717948717948718,0.7301587301587301,0.4415531396865845,0.8964977709576487,0.40782208624295885,0.2660408436320722,0.18132611435838045,2.0825094133615494,0.8868400359153747,0.7482117613777519,28.49901419878006,0.80553421061486
364,0.7182820110555291,0.7053571428571429,0.4520547945205479,0.9207920792079208,0.4415531396865845,0.8964977709576487,0.18425239622592926,0.5217814919538796,0.18132611435838045,2.0825094133615494,0.8868400359153747,0.7482117613777519,28.49901419878006,0.80553421061486
365,0.7586500577195612,0.7812500000000001,0.5641025641025641,0.9212598425196851,0.4415531396865845,0.8964977709576487,0.18425239622592926,0.2660408436320722,0.17868389386683703,2.0825094133615494,0.8868400359153747,0.7482117613777519,28.49901419878006,0.80553421061486
366,0.6993817723028594,0.8537313432835821,0.6224489795918368,0.9171597633136095,0.4415531396865845,0.8964977709576487,0.18425239622592926,0.2660408436320722,0.18132611435838045,2.911958190612495,0.8868400359153747,0.7482117613777519,28.49901419878006,0.80553421061486
367,0.6439422289079453,0.7603305785123967,0.5512820512820513,0.9047619047619048,0.4415531396865845,0.8964977709576487,0.18425239622592926,0.2660408436320722,0.18132611435838045,2.0825094133615494,0.5499210917949676,0.7482117613777519,28.49901419878006,0.80553421061486
368,0.7354546426110211,0.7874015748031497,0.5384615384615384,0.9206349206349206,0.4415531396865845,0.8964977709576487,0.18425239622592926,0.2660408436320722,0.18132611435838045,2.0825094133615494,0.8868400359153747,0.24381013019010425,28.49901419878006,0.80553421061486
369,0.7028691198058644,0.7661290322580644,0.5128205128205128,0.9206349206349206,0.4415531396865845,0.8964977709576487,0.18425239622592926,0.2660408436320722,0.18132611435838045,2.0825094133615494,0.8868400359153747,0.7482117613777519,16.646297827363014,0.80553421061486
370,0.7357344770857247,0.7791164658634538,0.5384615384615384,0.9206349206349206,0.4415531396865845,0.8964977709576487,0.18425239622592926,0.2660408436320722,0.18132611435838045,2.0825094133615494,0.8868400359153747,0.7482117613777519,28.49901419878006,0.4781253100372851
371,0.5405734031288844,0.6202090592334495,0.3516483516483517,0.6376811594202898,1.6216787396930157,1.7849927878472953,0.40782208624295885,0.5217814919538796,0.17868389386683703,2.911958190612495,0.5499210917949676,0.24381013019010425,16.646297827363014,0.4781253100372851
372,0.5214211791442902,0.5341246290801187,0.19811320754716982,0.423728813559322,1.6633065636269748,1.8136189240496605,0.5889349033124744,0.4226632682606578,0.0786004198435694,2.6285017488524316,0.6782975013554096,1.364132749196142,16.00399200618267,0.40017815940082074
373,0.5864805194581963,0.6028985507246377,0.2641509433962264,0.536723163841808,0.9830727726221085,1.8136189240496605,0.5889349033124744,0.4226632682606578,0.0786004198435694,2.6285017488524316,0.6782975013554096,1.364132749196142,16.00399200618267,0.40017815940082074
374,0.38859085402470406,0.452054794520548,0.18867924528301888,0.3785310734463277,1.6633065636269748,0.5646841287612915,0.5889349033124744,0.4226632682606578,0.0786004198435694,2.6285017488524316,0.6782975013554096,1.364132749196142,16.00399200618267,0.40017815940082074
375,0.6926896881519019,0.7107438016528926,0.4056603773584906,0.847457627118644,1.6633065636269748,1.8136189240496605,0.16218262878246603,0.4226632682606578,0.0786004198435694,2.6285017488524316,0.6782975013554096,1.364132749196142,16.00399200618267,0.40017815940082074
376,0.5291347778629089,0.5824175824175825,0.24299065420560748,0.419811320754717,1.6633065636269748,1.8136189240496605,0.5889349033124744,0.20485795447602867,0.0786004198435694,2.6285017488524316,0.6782975013554096,1.364132749196142,16.00399200618267,0.40017815940082074
377,0.4908878037341878,0.5328719723183392,0.23711340206185566,0.4233128834355828,1.6633065636269748,1.8136189240496605,0.5889349033124744,0.4226632682606578,0.13453545236960054,2.6285017488524316,0.6782975013554096,1.364132749196142,16.00399200618267,0.40017815940082074
378,0.4855984139527946,0.5306122448979592,0.24175824175824176,0.38686131386861317,1.6633065636269748,1.8136189240496605,0.5889349033124744,0.4226632682606578,0.0786004198435694,2.1160809016786515,0.6782975013554096,1.364132749196142,16.00399200618267,0.40017815940082074
379,0.5983108425581065,0.547550432276657,0.24528301886792453,0.4519774011299435,1.6633065636269748,1.8136189240496605,0.5889349033124744,0.4226632682606578,0.0786004198435694,2.6285017488524316,0.8821013812720775,1.364132749196142,16.00399200618267,0.40017815940082074
380,0.5063900045657814,0.5207100591715976,0.19811320754716982,0.423728813559322,1.6633065636269748,1.8136189240496605,0.5889349033124744,0.4226632682606578,0.0786004198435694,2.6285017488524316,0.6782975013554096,1.2301999458111823,16.00399200618267,0.40017815940082074
381,0.5072222608255567,0.5253731343283582,0.20754716981132076,0.423728813559322,1.6633065636269748,1.8136189240496605,0.5889349033124744,0.4226632682606578,0.0786004198435694,2.6285017488524316,0.6782975013554096,1.364132749196142,21.061911888420582,0.40017815940082074
382,0.48145155666879885,0.47230320699708456,0.16981132075471697,0.423728813559322,1.6633065636269748,1.8136189240496605,0.5889349033124744,0.4226632682606578,0.0786004198435694,2.6285017488524316,0.6782975013554096,1.364132749196142,16.00399200618267,0.8351607068441809
383,0.7618010666955354,0.7583892617449665,0.4827586206896552,0.9276315789473685,0.9830727726221085,0.5646841287612915,0.16218262878246603,0.20485795447602867,0.13453545236960054,2.1160809016786515,0.8821013812720775,1.2301999458111823,21.061911888420582,0.8351607068441809
